CustomerID,ActivityMonth,CohortMonth,CohortIndex
C1001,2023-07,2023-07,0
C1001,2023-08,2023-07,1
C1001,2023-09,2023-07,2
C1001,2023-10,2023-07,3
C1001,2023-11,2023-07,4
C1001,2023-12,2023-07,5
C1001,2024-01,2023-07,6
C1001,2024-02,2023-07,7
C1001,2024-03,2023-07,8
C1001,2024-04,2023-07,9
C1001,2024-05,2023-07,10
C1001,2024-06,2023-07,11
C1001,2024-07,2023-07,12
C1001,2024-08,2023-07,13
C1001,2024-09,2023-07,14
C1001,2024-10,2023-07,15
C1002,2024-02,2024-02,0
C1002,2024-03,2024-02,1
C1002,2024-04,2024-02,2
C1002,2024-05,2024-02,3
C1002,2024-06,2024-02,4
C1002,2024-07,2024-02,5
C1002,2024-08,2024-02,6
C1002,2024-09,2024-02,7
C1002,2024-10,2024-02,8
C1002,2024-11,2024-02,9
C1002,2024-12,2024-02,10
C1003,2023-09,2023-09,0
C1003,2023-10,2023-09,1
C1003,2023-11,2023-09,2
C1003,2023-12,2023-09,3
C1003,2024-01,2023-09,4
C1003,2024-02,2023-09,5
C1003,2024-03,2023-09,6
C1003,2024-04,2023-09,7
C1003,2024-05,2023-09,8
C1003,2024-06,2023-09,9
C1003,2024-07,2023-09,10
C1003,2024-08,2023-09,11
C1003,2024-09,2023-09,12
C1003,2024-10,2023-09,13
C1003,2024-11,2023-09,14
C1003,2024-12,2023-09,15
C1004,2024-03,2024-03,0
C1004,2024-04,2024-03,1
C1004,2024-05,2024-03,2
C1004,2024-06,2024-03,3
C1004,2024-07,2024-03,4
C1004,2024-08,2024-03,5
C1004,2024-09,2024-03,6
C1004,2024-10,2024-03,7
C1004,2024-11,2024-03,8
C1004,2024-12,2024-03,9
C1005,2023-12,2023-12,0
C1005,2024-01,2023-12,1
C1005,2024-02,2023-12,2
C1005,2024-03,2023-12,3
C1005,2024-04,2023-12,4
C1005,2024-05,2023-12,5
C1005,2024-06,2023-12,6
C1005,2024-07,2023-12,7
C1005,2024-08,2023-12,8
C1005,2024-09,2023-12,9
C1005,2024-10,2023-12,10
C1005,2024-11,2023-12,11
C1005,2024-12,2023-12,12
C1006,2024-09,2024-09,0
C1006,2024-10,2024-09,1
C1006,2024-11,2024-09,2
C1006,2024-12,2024-09,3
C1007,2023-03,2023-03,0
C1007,2023-04,2023-03,1
C1007,2023-05,2023-03,2
C1007,2023-06,2023-03,3
C1007,2023-07,2023-03,4
C1007,2023-08,2023-03,5
C1007,2023-09,2023-03,6
C1007,2023-10,2023-03,7
C1007,2023-11,2023-03,8
C1007,2023-12,2023-03,9
C1007,2024-01,2023-03,10
C1007,2024-02,2023-03,11
C1007,2024-03,2023-03,12
C1007,2024-04,2023-03,13
C1007,2024-05,2023-03,14
C1007,2024-06,2023-03,15
C1007,2024-07,2023-03,16
C1007,2024-08,2023-03,17
C1007,2024-09,2023-03,18
C1007,2024-10,2023-03,19
C1007,2024-11,2023-03,20
C1007,2024-12,2023-03,21
C1008,2024-02,2024-02,0
C1008,2024-03,2024-02,1
C1008,2024-04,2024-02,2
C1008,2024-05,2024-02,3
C1008,2024-06,2024-02,4
C1008,2024-07,2024-02,5
C1008,2024-08,2024-02,6
C1008,2024-09,2024-02,7
C1008,2024-10,2024-02,8
C1008,2024-11,2024-02,9
C1008,2024-12,2024-02,10
C1009,2023-07,2023-07,0
C1009,2023-08,2023-07,1
C1009,2023-09,2023-07,2
C1009,2023-10,2023-07,3
C1009,2023-11,2023-07,4
C1009,2023-12,2023-07,5
C1009,2024-01,2023-07,6
C1009,2024-02,2023-07,7
C1009,2024-03,2023-07,8
C1009,2024-04,2023-07,9
C1009,2024-05,2023-07,10
C1009,2024-06,2023-07,11
C1009,2024-07,2023-07,12
C1009,2024-08,2023-07,13
C1009,2024-09,2023-07,14
C1009,2024-10,2023-07,15
C1009,2024-11,2023-07,16
C1009,2024-12,2023-07,17
C1010,2023-11,2023-11,0
C1010,2023-12,2023-11,1
C1010,2024-01,2023-11,2
C1010,2024-02,2023-11,3
C1010,2024-03,2023-11,4
C1010,2024-04,2023-11,5
C1011,2023-05,2023-05,0
C1011,2023-06,2023-05,1
C1011,2023-07,2023-05,2
C1011,2023-08,2023-05,3
C1011,2023-09,2023-05,4
C1011,2023-10,2023-05,5
C1011,2023-11,2023-05,6
C1011,2023-12,2023-05,7
C1011,2024-01,2023-05,8
C1011,2024-02,2023-05,9
C1011,2024-03,2023-05,10
C1011,2024-04,2023-05,11
C1011,2024-05,2023-05,12
C1011,2024-06,2023-05,13
C1011,2024-07,2023-05,14
C1011,2024-08,2023-05,15
C1011,2024-09,2023-05,16
C1011,2024-10,2023-05,17
C1011,2024-11,2023-05,18
C1011,2024-12,2023-05,19
C1012,2023-02,2023-02,0
C1012,2023-03,2023-02,1
C1012,2023-04,2023-02,2
C1012,2023-05,2023-02,3
C1012,2023-06,2023-02,4
C1012,2023-07,2023-02,5
C1012,2023-08,2023-02,6
C1012,2023-09,2023-02,7
C1012,2023-10,2023-02,8
C1012,2023-11,2023-02,9
C1013,2024-12,2024-12,0
C1014,2024-07,2024-07,0
C1014,2024-08,2024-07,1
C1014,2024-09,2024-07,2
C1014,2024-10,2024-07,3
C1014,2024-11,2024-07,4
C1014,2024-12,2024-07,5
C1015,2024-01,2024-01,0
C1015,2024-02,2024-01,1
C1015,2024-03,2024-01,2
C1015,2024-04,2024-01,3
C1015,2024-05,2024-01,4
C1015,2024-06,2024-01,5
C1015,2024-07,2024-01,6
C1015,2024-08,2024-01,7
C1015,2024-09,2024-01,8
C1015,2024-10,2024-01,9
C1015,2024-11,2024-01,10
C1015,2024-12,2024-01,11
C1016,2024-01,2024-01,0
C1016,2024-02,2024-01,1
C1016,2024-03,2024-01,2
C1016,2024-04,2024-01,3
C1016,2024-05,2024-01,4
C1016,2024-06,2024-01,5
C1016,2024-07,2024-01,6
C1016,2024-08,2024-01,7
C1016,2024-09,2024-01,8
C1016,2024-10,2024-01,9
C1016,2024-11,2024-01,10
C1016,2024-12,2024-01,11
C1017,2024-06,2024-06,0
C1017,2024-07,2024-06,1
C1017,2024-08,2024-06,2
C1017,2024-09,2024-06,3
C1017,2024-10,2024-06,4
C1017,2024-11,2024-06,5
C1017,2024-12,2024-06,6
C1018,2024-03,2024-03,0
C1018,2024-04,2024-03,1
C1018,2024-05,2024-03,2
C1018,2024-06,2024-03,3
C1018,2024-07,2024-03,4
C1018,2024-08,2024-03,5
C1018,2024-09,2024-03,6
C1018,2024-10,2024-03,7
C1018,2024-11,2024-03,8
C1018,2024-12,2024-03,9
C1019,2024-04,2024-04,0
C1019,2024-05,2024-04,1
C1019,2024-06,2024-04,2
C1019,2024-07,2024-04,3
C1019,2024-08,2024-04,4
C1019,2024-09,2024-04,5
C1019,2024-10,2024-04,6
C1019,2024-11,2024-04,7
C1019,2024-12,2024-04,8
C1020,2023-12,2023-12,0
C1020,2024-01,2023-12,1
C1020,2024-02,2023-12,2
C1020,2024-03,2023-12,3
C1020,2024-04,2023-12,4
C1020,2024-05,2023-12,5
C1020,2024-06,2023-12,6
C1021,2023-05,2023-05,0
C1021,2023-06,2023-05,1
C1021,2023-07,2023-05,2
C1021,2023-08,2023-05,3
C1021,2023-09,2023-05,4
C1021,2023-10,2023-05,5
C1021,2023-11,2023-05,6
C1021,2023-12,2023-05,7
C1021,2024-01,2023-05,8
C1021,2024-02,2023-05,9
C1021,2024-03,2023-05,10
C1021,2024-04,2023-05,11
C1021,2024-05,2023-05,12
C1021,2024-06,2023-05,13
C1021,2024-07,2023-05,14
C1021,2024-08,2023-05,15
C1021,2024-09,2023-05,16
C1021,2024-10,2023-05,17
C1021,2024-11,2023-05,18
C1021,2024-12,2023-05,19
C1022,2023-09,2023-09,0
C1022,2023-10,2023-09,1
C1022,2023-11,2023-09,2
C1022,2023-12,2023-09,3
C1022,2024-01,2023-09,4
C1022,2024-02,2023-09,5
C1022,2024-03,2023-09,6
C1022,2024-04,2023-09,7
C1022,2024-05,2023-09,8
C1022,2024-06,2023-09,9
C1022,2024-07,2023-09,10
C1022,2024-08,2023-09,11
C1022,2024-09,2023-09,12
C1022,2024-10,2023-09,13
C1022,2024-11,2023-09,14
C1022,2024-12,2023-09,15
C1023,2024-08,2024-08,0
C1023,2024-09,2024-08,1
C1023,2024-10,2024-08,2
C1023,2024-11,2024-08,3
C1023,2024-12,2024-08,4
C1024,2024-10,2024-10,0
C1024,2024-11,2024-10,1
C1024,2024-12,2024-10,2
C1025,2023-04,2023-04,0
C1025,2023-05,2023-04,1
C1025,2023-06,2023-04,2
C1025,2023-07,2023-04,3
C1025,2023-08,2023-04,4
C1025,2023-09,2023-04,5
C1025,2023-10,2023-04,6
C1025,2023-11,2023-04,7
C1025,2023-12,2023-04,8
C1025,2024-01,2023-04,9
C1025,2024-02,2023-04,10
C1025,2024-03,2023-04,11
C1025,2024-04,2023-04,12
C1025,2024-05,2023-04,13
C1025,2024-06,2023-04,14
C1025,2024-07,2023-04,15
C1025,2024-08,2023-04,16
C1025,2024-09,2023-04,17
C1025,2024-10,2023-04,18
C1025,2024-11,2023-04,19
C1025,2024-12,2023-04,20
C1026,2024-05,2024-05,0
C1026,2024-06,2024-05,1
C1026,2024-07,2024-05,2
C1026,2024-08,2024-05,3
C1026,2024-09,2024-05,4
C1026,2024-10,2024-05,5
C1026,2024-11,2024-05,6
C1026,2024-12,2024-05,7
C1027,2023-05,2023-05,0
C1027,2023-06,2023-05,1
C1027,2023-07,2023-05,2
C1027,2023-08,2023-05,3
C1027,2023-09,2023-05,4
C1027,2023-10,2023-05,5
C1028,2023-06,2023-06,0
C1028,2023-07,2023-06,1
C1028,2023-08,2023-06,2
C1028,2023-09,2023-06,3
C1028,2023-10,2023-06,4
C1028,2023-11,2023-06,5
C1028,2023-12,2023-06,6
C1028,2024-01,2023-06,7
C1028,2024-02,2023-06,8
C1028,2024-03,2023-06,9
C1028,2024-04,2023-06,10
C1028,2024-05,2023-06,11
C1028,2024-06,2023-06,12
C1028,2024-07,2023-06,13
C1028,2024-08,2023-06,14
C1028,2024-09,2023-06,15
C1028,2024-10,2023-06,16
C1028,2024-11,2023-06,17
C1028,2024-12,2023-06,18
C1029,2024-01,2024-01,0
C1029,2024-02,2024-01,1
C1029,2024-03,2024-01,2
C1029,2024-04,2024-01,3
C1029,2024-05,2024-01,4
C1029,2024-06,2024-01,5
C1029,2024-07,2024-01,6
C1029,2024-08,2024-01,7
C1029,2024-09,2024-01,8
C1029,2024-10,2024-01,9
C1029,2024-11,2024-01,10
C1029,2024-12,2024-01,11
C1030,2023-04,2023-04,0
C1030,2023-05,2023-04,1
C1030,2023-06,2023-04,2
C1030,2023-07,2023-04,3
C1030,2023-08,2023-04,4
C1030,2023-09,2023-04,5
C1030,2023-10,2023-04,6
C1030,2023-11,2023-04,7
C1030,2023-12,2023-04,8
C1030,2024-01,2023-04,9
C1030,2024-02,2023-04,10
C1030,2024-03,2023-04,11
C1030,2024-04,2023-04,12
C1030,2024-05,2023-04,13
C1030,2024-06,2023-04,14
C1030,2024-07,2023-04,15
C1030,2024-08,2023-04,16
C1030,2024-09,2023-04,17
C1030,2024-10,2023-04,18
C1030,2024-11,2023-04,19
C1030,2024-12,2023-04,20
C1033,2023-11,2023-11,0
C1033,2023-12,2023-11,1
C1033,2024-01,2023-11,2
C1033,2024-02,2023-11,3
C1033,2024-03,2023-11,4
C1033,2024-04,2023-11,5
C1033,2024-05,2023-11,6
C1033,2024-06,2023-11,7
C1033,2024-07,2023-11,8
C1033,2024-08,2023-11,9
C1033,2024-09,2023-11,10
C1033,2024-10,2023-11,11
C1033,2024-11,2023-11,12
C1033,2024-12,2023-11,13
C1035,2023-06,2023-06,0
C1035,2023-07,2023-06,1
C1035,2023-08,2023-06,2
C1035,2023-09,2023-06,3
C1035,2023-10,2023-06,4
C1035,2023-11,2023-06,5
C1035,2023-12,2023-06,6
C1035,2024-01,2023-06,7
C1035,2024-02,2023-06,8
C1035,2024-03,2023-06,9
C1035,2024-04,2023-06,10
C1035,2024-05,2023-06,11
C1035,2024-06,2023-06,12
C1035,2024-07,2023-06,13
C1035,2024-08,2023-06,14
C1035,2024-09,2023-06,15
C1035,2024-10,2023-06,16
C1035,2024-11,2023-06,17
C1035,2024-12,2023-06,18
C1036,2023-08,2023-08,0
C1036,2023-09,2023-08,1
C1036,2023-10,2023-08,2
C1036,2023-11,2023-08,3
C1036,2023-12,2023-08,4
C1036,2024-01,2023-08,5
C1036,2024-02,2023-08,6
C1036,2024-03,2023-08,7
C1036,2024-04,2023-08,8
C1036,2024-05,2023-08,9
C1036,2024-06,2023-08,10
C1036,2024-07,2023-08,11
C1036,2024-08,2023-08,12
C1036,2024-09,2023-08,13
C1036,2024-10,2023-08,14
C1036,2024-11,2023-08,15
C1036,2024-12,2023-08,16
C1037,2024-02,2024-02,0
C1037,2024-03,2024-02,1
C1037,2024-04,2024-02,2
C1037,2024-05,2024-02,3
C1037,2024-06,2024-02,4
C1037,2024-07,2024-02,5
C1037,2024-08,2024-02,6
C1037,2024-09,2024-02,7
C1037,2024-10,2024-02,8
C1037,2024-11,2024-02,9
C1037,2024-12,2024-02,10
C1038,2023-05,2023-05,0
C1038,2023-06,2023-05,1
C1038,2023-07,2023-05,2
C1038,2023-08,2023-05,3
C1038,2023-09,2023-05,4
C1038,2023-10,2023-05,5
C1038,2023-11,2023-05,6
C1038,2023-12,2023-05,7
C1038,2024-01,2023-05,8
C1038,2024-02,2023-05,9
C1038,2024-03,2023-05,10
C1038,2024-04,2023-05,11
C1038,2024-05,2023-05,12
C1038,2024-06,2023-05,13
C1039,2023-03,2023-03,0
C1039,2023-04,2023-03,1
C1039,2023-05,2023-03,2
C1039,2023-06,2023-03,3
C1039,2023-07,2023-03,4
C1039,2023-08,2023-03,5
C1039,2023-09,2023-03,6
C1039,2023-10,2023-03,7
C1039,2023-11,2023-03,8
C1039,2023-12,2023-03,9
C1039,2024-01,2023-03,10
C1039,2024-02,2023-03,11
C1039,2024-03,2023-03,12
C1039,2024-04,2023-03,13
C1039,2024-05,2023-03,14
C1039,2024-06,2023-03,15
C1039,2024-07,2023-03,16
C1039,2024-08,2023-03,17
C1039,2024-09,2023-03,18
C1039,2024-10,2023-03,19
C1039,2024-11,2023-03,20
C1039,2024-12,2023-03,21
C1040,2024-02,2024-02,0
C1040,2024-03,2024-02,1
C1040,2024-04,2024-02,2
C1040,2024-05,2024-02,3
C1040,2024-06,2024-02,4
C1040,2024-07,2024-02,5
C1040,2024-08,2024-02,6
C1040,2024-09,2024-02,7
C1040,2024-10,2024-02,8
C1040,2024-11,2024-02,9
C1040,2024-12,2024-02,10
C1041,2023-12,2023-12,0
C1041,2024-01,2023-12,1
C1041,2024-02,2023-12,2
C1041,2024-03,2023-12,3
C1041,2024-04,2023-12,4
C1041,2024-05,2023-12,5
C1041,2024-06,2023-12,6
C1041,2024-07,2023-12,7
C1041,2024-08,2023-12,8
C1041,2024-09,2023-12,9
C1041,2024-10,2023-12,10
C1041,2024-11,2023-12,11
C1041,2024-12,2023-12,12
C1042,2023-05,2023-05,0
C1042,2023-06,2023-05,1
C1042,2023-07,2023-05,2
C1042,2023-08,2023-05,3
C1042,2023-09,2023-05,4
C1042,2023-10,2023-05,5
C1042,2023-11,2023-05,6
C1042,2023-12,2023-05,7
C1042,2024-01,2023-05,8
C1042,2024-02,2023-05,9
C1042,2024-03,2023-05,10
C1042,2024-04,2023-05,11
C1042,2024-05,2023-05,12
C1042,2024-06,2023-05,13
C1042,2024-07,2023-05,14
C1042,2024-08,2023-05,15
C1042,2024-09,2023-05,16
C1042,2024-10,2023-05,17
C1042,2024-11,2023-05,18
C1042,2024-12,2023-05,19
C1043,2023-07,2023-07,0
C1043,2023-08,2023-07,1
C1043,2023-09,2023-07,2
C1043,2023-10,2023-07,3
C1043,2023-11,2023-07,4
C1043,2023-12,2023-07,5
C1043,2024-01,2023-07,6
C1043,2024-02,2023-07,7
C1043,2024-03,2023-07,8
C1043,2024-04,2023-07,9
C1043,2024-05,2023-07,10
C1043,2024-06,2023-07,11
C1043,2024-07,2023-07,12
C1043,2024-08,2023-07,13
C1043,2024-09,2023-07,14
C1043,2024-10,2023-07,15
C1043,2024-11,2023-07,16
C1043,2024-12,2023-07,17
C1044,2024-07,2024-07,0
C1044,2024-08,2024-07,1
C1044,2024-09,2024-07,2
C1044,2024-10,2024-07,3
C1044,2024-11,2024-07,4
C1044,2024-12,2024-07,5
C1045,2024-06,2024-06,0
C1045,2024-07,2024-06,1
C1045,2024-08,2024-06,2
C1045,2024-09,2024-06,3
C1045,2024-10,2024-06,4
C1045,2024-11,2024-06,5
C1045,2024-12,2024-06,6
C1046,2023-09,2023-09,0
C1046,2023-10,2023-09,1
C1046,2023-11,2023-09,2
C1046,2023-12,2023-09,3
C1046,2024-01,2023-09,4
C1046,2024-02,2023-09,5
C1046,2024-03,2023-09,6
C1046,2024-04,2023-09,7
C1046,2024-05,2023-09,8
C1046,2024-06,2023-09,9
C1046,2024-07,2023-09,10
C1046,2024-08,2023-09,11
C1046,2024-09,2023-09,12
C1046,2024-10,2023-09,13
C1046,2024-11,2023-09,14
C1046,2024-12,2023-09,15
C1047,2024-06,2024-06,0
C1047,2024-07,2024-06,1
C1047,2024-08,2024-06,2
C1047,2024-09,2024-06,3
C1047,2024-10,2024-06,4
C1047,2024-11,2024-06,5
C1047,2024-12,2024-06,6
C1048,2023-07,2023-07,0
C1048,2023-08,2023-07,1
C1048,2023-09,2023-07,2
C1048,2023-10,2023-07,3
C1048,2023-11,2023-07,4
C1048,2023-12,2023-07,5
C1048,2024-01,2023-07,6
C1048,2024-02,2023-07,7
C1048,2024-03,2023-07,8
C1048,2024-04,2023-07,9
C1048,2024-05,2023-07,10
C1048,2024-06,2023-07,11
C1048,2024-07,2023-07,12
C1048,2024-08,2023-07,13
C1048,2024-09,2023-07,14
C1048,2024-10,2023-07,15
C1048,2024-11,2023-07,16
C1048,2024-12,2023-07,17
C1049,2024-10,2024-10,0
C1049,2024-11,2024-10,1
C1049,2024-12,2024-10,2
C1050,2023-07,2023-07,0
C1050,2023-08,2023-07,1
C1050,2023-09,2023-07,2
C1050,2023-10,2023-07,3
C1050,2023-11,2023-07,4
C1050,2023-12,2023-07,5
C1050,2024-02,2023-07,7
C1050,2024-03,2023-07,8
C1050,2024-04,2023-07,9
C1050,2024-05,2023-07,10
C1050,2024-06,2023-07,11
C1051,2024-08,2024-08,0
C1051,2024-09,2024-08,1
C1051,2024-10,2024-08,2
C1051,2024-11,2024-08,3
C1051,2024-12,2024-08,4
C1052,2024-05,2024-05,0
C1052,2024-06,2024-05,1
C1052,2024-07,2024-05,2
C1052,2024-08,2024-05,3
C1052,2024-09,2024-05,4
C1052,2024-10,2024-05,5
C1052,2024-11,2024-05,6
C1052,2024-12,2024-05,7
C1053,2023-05,2023-05,0
C1053,2023-06,2023-05,1
C1053,2023-07,2023-05,2
C1053,2023-08,2023-05,3
C1053,2023-09,2023-05,4
C1053,2023-10,2023-05,5
C1053,2023-11,2023-05,6
C1053,2023-12,2023-05,7
C1053,2024-01,2023-05,8
C1053,2024-02,2023-05,9
C1053,2024-03,2023-05,10
C1053,2024-04,2023-05,11
C1053,2024-05,2023-05,12
C1053,2024-06,2023-05,13
C1053,2024-07,2023-05,14
C1054,2024-11,2024-11,0
C1054,2024-12,2024-11,1
C1055,2023-03,2023-03,0
C1055,2023-04,2023-03,1
C1055,2023-05,2023-03,2
C1055,2023-06,2023-03,3
C1055,2023-07,2023-03,4
C1055,2023-08,2023-03,5
C1055,2023-09,2023-03,6
C1055,2023-10,2023-03,7
C1055,2023-11,2023-03,8
C1055,2023-12,2023-03,9
C1055,2024-01,2023-03,10
C1055,2024-02,2023-03,11
C1055,2024-03,2023-03,12
C1055,2024-04,2023-03,13
C1055,2024-05,2023-03,14
C1055,2024-06,2023-03,15
C1055,2024-07,2023-03,16
C1055,2024-08,2023-03,17
C1056,2024-07,2024-07,0
C1056,2024-08,2024-07,1
C1056,2024-09,2024-07,2
C1056,2024-10,2024-07,3
C1056,2024-11,2024-07,4
C1056,2024-12,2024-07,5
C1057,2023-11,2023-11,0
C1057,2023-12,2023-11,1
C1057,2024-01,2023-11,2
C1057,2024-02,2023-11,3
C1057,2024-03,2023-11,4
C1057,2024-04,2023-11,5
C1057,2024-05,2023-11,6
C1057,2024-06,2023-11,7
C1057,2024-07,2023-11,8
C1057,2024-08,2023-11,9
C1057,2024-09,2023-11,10
C1057,2024-10,2023-11,11
C1057,2024-11,2023-11,12
C1057,2024-12,2023-11,13
C1058,2024-08,2024-08,0
C1058,2024-09,2024-08,1
C1058,2024-10,2024-08,2
C1058,2024-11,2024-08,3
C1058,2024-12,2024-08,4
C1059,2024-07,2024-07,0
C1059,2024-08,2024-07,1
C1059,2024-09,2024-07,2
C1059,2024-10,2024-07,3
C1059,2024-11,2024-07,4
C1059,2024-12,2024-07,5
C1060,2023-07,2023-07,0
C1060,2023-08,2023-07,1
C1060,2023-09,2023-07,2
C1060,2023-10,2023-07,3
C1060,2023-11,2023-07,4
C1060,2023-12,2023-07,5
C1060,2024-01,2023-07,6
C1060,2024-02,2023-07,7
C1060,2024-03,2023-07,8
C1060,2024-04,2023-07,9
C1060,2024-05,2023-07,10
C1060,2024-06,2023-07,11
C1060,2024-07,2023-07,12
C1060,2024-08,2023-07,13
C1060,2024-09,2023-07,14
C1060,2024-10,2023-07,15
C1060,2024-11,2023-07,16
C1060,2024-12,2023-07,17
C1061,2023-06,2023-06,0
C1061,2023-07,2023-06,1
C1061,2023-08,2023-06,2
C1061,2023-09,2023-06,3
C1061,2023-10,2023-06,4
C1061,2023-11,2023-06,5
C1061,2023-12,2023-06,6
C1061,2024-01,2023-06,7
C1061,2024-02,2023-06,8
C1061,2024-03,2023-06,9
C1061,2024-04,2023-06,10
C1061,2024-05,2023-06,11
C1061,2024-06,2023-06,12
C1061,2024-07,2023-06,13
C1061,2024-08,2023-06,14
C1061,2024-09,2023-06,15
C1061,2024-10,2023-06,16
C1061,2024-11,2023-06,17
C1061,2024-12,2023-06,18
C1062,2023-06,2023-06,0
C1062,2023-07,2023-06,1
C1062,2023-08,2023-06,2
C1063,2023-06,2023-06,0
C1063,2023-07,2023-06,1
C1063,2023-08,2023-06,2
C1063,2023-09,2023-06,3
C1063,2023-10,2023-06,4
C1063,2023-11,2023-06,5
C1063,2023-12,2023-06,6
C1063,2024-01,2023-06,7
C1063,2024-02,2023-06,8
C1063,2024-03,2023-06,9
C1064,2024-03,2024-03,0
C1064,2024-04,2024-03,1
C1064,2024-05,2024-03,2
C1064,2024-06,2024-03,3
C1064,2024-07,2024-03,4
C1064,2024-08,2024-03,5
C1064,2024-09,2024-03,6
C1064,2024-10,2024-03,7
C1064,2024-11,2024-03,8
C1064,2024-12,2024-03,9
C1065,2023-10,2023-10,0
C1065,2023-11,2023-10,1
C1065,2023-12,2023-10,2
C1065,2024-01,2023-10,3
C1065,2024-02,2023-10,4
C1065,2024-03,2023-10,5
C1065,2024-04,2023-10,6
C1065,2024-05,2023-10,7
C1065,2024-06,2023-10,8
C1065,2024-07,2023-10,9
C1065,2024-08,2023-10,10
C1065,2024-09,2023-10,11
C1065,2024-10,2023-10,12
C1065,2024-11,2023-10,13
C1065,2024-12,2023-10,14
C1066,2024-07,2024-07,0
C1066,2024-08,2024-07,1
C1066,2024-09,2024-07,2
C1066,2024-10,2024-07,3
C1066,2024-11,2024-07,4
C1066,2024-12,2024-07,5
C1067,2024-02,2024-02,0
C1067,2024-03,2024-02,1
C1067,2024-04,2024-02,2
C1067,2024-05,2024-02,3
C1067,2024-06,2024-02,4
C1067,2024-07,2024-02,5
C1067,2024-08,2024-02,6
C1067,2024-09,2024-02,7
C1067,2024-10,2024-02,8
C1067,2024-11,2024-02,9
C1067,2024-12,2024-02,10
C1068,2024-11,2024-11,0
C1068,2024-12,2024-11,1
C1069,2023-08,2023-08,0
C1069,2023-09,2023-08,1
C1069,2023-10,2023-08,2
C1069,2023-11,2023-08,3
C1069,2023-12,2023-08,4
C1069,2024-01,2023-08,5
C1069,2024-02,2023-08,6
C1069,2024-03,2023-08,7
C1069,2024-04,2023-08,8
C1069,2024-05,2023-08,9
C1069,2024-06,2023-08,10
C1069,2024-07,2023-08,11
C1069,2024-08,2023-08,12
C1069,2024-09,2023-08,13
C1069,2024-10,2023-08,14
C1069,2024-11,2023-08,15
C1069,2024-12,2023-08,16
C1071,2024-09,2024-09,0
C1071,2024-10,2024-09,1
C1071,2024-11,2024-09,2
C1071,2024-12,2024-09,3
C1072,2023-04,2023-04,0
C1072,2023-05,2023-04,1
C1072,2023-06,2023-04,2
C1072,2023-07,2023-04,3
C1072,2023-08,2023-04,4
C1072,2023-09,2023-04,5
C1072,2023-10,2023-04,6
C1072,2023-11,2023-04,7
C1072,2023-12,2023-04,8
C1072,2024-01,2023-04,9
C1072,2024-02,2023-04,10
C1072,2024-03,2023-04,11
C1072,2024-04,2023-04,12
C1072,2024-05,2023-04,13
C1072,2024-06,2023-04,14
C1072,2024-07,2023-04,15
C1072,2024-08,2023-04,16
C1072,2024-09,2023-04,17
C1072,2024-10,2023-04,18
C1072,2024-11,2023-04,19
C1072,2024-12,2023-04,20
C1073,2023-08,2023-08,0
C1073,2023-09,2023-08,1
C1073,2023-10,2023-08,2
C1073,2023-11,2023-08,3
C1073,2023-12,2023-08,4
C1073,2024-01,2023-08,5
C1073,2024-02,2023-08,6
C1073,2024-03,2023-08,7
C1073,2024-04,2023-08,8
C1073,2024-05,2023-08,9
C1073,2024-06,2023-08,10
C1073,2024-07,2023-08,11
C1073,2024-08,2023-08,12
C1073,2024-09,2023-08,13
C1073,2024-10,2023-08,14
C1073,2024-11,2023-08,15
C1073,2024-12,2023-08,16
C1074,2024-10,2024-10,0
C1074,2024-11,2024-10,1
C1074,2024-12,2024-10,2
C1075,2024-05,2024-05,0
C1075,2024-06,2024-05,1
C1075,2024-07,2024-05,2
C1075,2024-08,2024-05,3
C1075,2024-09,2024-05,4
C1075,2024-10,2024-05,5
C1075,2024-11,2024-05,6
C1075,2024-12,2024-05,7
C1076,2024-05,2024-05,0
C1076,2024-06,2024-05,1
C1076,2024-07,2024-05,2
C1076,2024-08,2024-05,3
C1076,2024-09,2024-05,4
C1076,2024-10,2024-05,5
C1076,2024-11,2024-05,6
C1076,2024-12,2024-05,7
C1077,2024-03,2024-03,0
C1077,2024-04,2024-03,1
C1077,2024-05,2024-03,2
C1077,2024-06,2024-03,3
C1077,2024-07,2024-03,4
C1077,2024-08,2024-03,5
C1077,2024-09,2024-03,6
C1077,2024-10,2024-03,7
C1077,2024-11,2024-03,8
C1077,2024-12,2024-03,9
C1078,2024-03,2024-03,0
C1078,2024-04,2024-03,1
C1078,2024-05,2024-03,2
C1078,2024-06,2024-03,3
C1078,2024-07,2024-03,4
C1078,2024-08,2024-03,5
C1078,2024-09,2024-03,6
C1078,2024-10,2024-03,7
C1078,2024-11,2024-03,8
C1078,2024-12,2024-03,9
C1079,2024-07,2024-07,0
C1079,2024-08,2024-07,1
C1079,2024-09,2024-07,2
C1079,2024-10,2024-07,3
C1079,2024-11,2024-07,4
C1079,2024-12,2024-07,5
C1080,2024-05,2024-05,0
C1080,2024-06,2024-05,1
C1080,2024-07,2024-05,2
C1080,2024-08,2024-05,3
C1080,2024-09,2024-05,4
C1080,2024-10,2024-05,5
C1080,2024-11,2024-05,6
C1080,2024-12,2024-05,7
C1081,2024-04,2024-04,0
C1081,2024-05,2024-04,1
C1081,2024-06,2024-04,2
C1081,2024-07,2024-04,3
C1081,2024-08,2024-04,4
C1081,2024-09,2024-04,5
C1081,2024-10,2024-04,6
C1081,2024-11,2024-04,7
C1081,2024-12,2024-04,8
C1082,2024-06,2024-06,0
C1082,2024-07,2024-06,1
C1082,2024-08,2024-06,2
C1082,2024-09,2024-06,3
C1082,2024-10,2024-06,4
C1082,2024-11,2024-06,5
C1082,2024-12,2024-06,6
C1083,2024-03,2024-03,0
C1083,2024-04,2024-03,1
C1083,2024-05,2024-03,2
C1083,2024-06,2024-03,3
C1083,2024-07,2024-03,4
C1083,2024-08,2024-03,5
C1083,2024-09,2024-03,6
C1083,2024-10,2024-03,7
C1083,2024-11,2024-03,8
C1083,2024-12,2024-03,9
C1085,2023-06,2023-06,0
C1085,2023-07,2023-06,1
C1085,2023-08,2023-06,2
C1085,2023-09,2023-06,3
C1085,2023-10,2023-06,4
C1085,2023-11,2023-06,5
C1085,2023-12,2023-06,6
C1085,2024-01,2023-06,7
C1086,2023-04,2023-04,0
C1086,2023-05,2023-04,1
C1086,2023-06,2023-04,2
C1086,2023-07,2023-04,3
C1086,2023-08,2023-04,4
C1086,2023-09,2023-04,5
C1086,2023-10,2023-04,6
C1086,2023-11,2023-04,7
C1086,2023-12,2023-04,8
C1086,2024-01,2023-04,9
C1086,2024-02,2023-04,10
C1086,2024-03,2023-04,11
C1086,2024-04,2023-04,12
C1086,2024-05,2023-04,13
C1086,2024-06,2023-04,14
C1086,2024-07,2023-04,15
C1086,2024-08,2023-04,16
C1086,2024-09,2023-04,17
C1086,2024-10,2023-04,18
C1086,2024-11,2023-04,19
C1086,2024-12,2023-04,20
C1087,2024-11,2024-11,0
C1087,2024-12,2024-11,1
C1088,2023-06,2023-06,0
C1088,2023-07,2023-06,1
C1088,2023-08,2023-06,2
C1088,2023-09,2023-06,3
C1088,2023-10,2023-06,4
C1088,2023-11,2023-06,5
C1088,2023-12,2023-06,6
C1088,2024-01,2023-06,7
C1088,2024-02,2023-06,8
C1088,2024-03,2023-06,9
C1088,2024-04,2023-06,10
C1088,2024-05,2023-06,11
C1088,2024-06,2023-06,12
C1088,2024-07,2023-06,13
C1088,2024-08,2023-06,14
C1088,2024-09,2023-06,15
C1088,2024-10,2023-06,16
C1088,2024-11,2023-06,17
C1088,2024-12,2023-06,18
C1089,2024-05,2024-05,0
C1089,2024-06,2024-05,1
C1089,2024-07,2024-05,2
C1089,2024-08,2024-05,3
C1089,2024-09,2024-05,4
C1089,2024-10,2024-05,5
C1089,2024-11,2024-05,6
C1089,2024-12,2024-05,7
C1090,2024-10,2024-10,0
C1090,2024-11,2024-10,1
C1090,2024-12,2024-10,2
C1091,2024-11,2024-11,0
C1091,2024-12,2024-11,1
C1092,2024-12,2024-12,0
C1093,2023-05,2023-05,0
C1093,2023-06,2023-05,1
C1093,2023-07,2023-05,2
C1093,2023-08,2023-05,3
C1093,2023-09,2023-05,4
C1093,2023-10,2023-05,5
C1093,2023-11,2023-05,6
C1093,2023-12,2023-05,7
C1093,2024-01,2023-05,8
C1093,2024-02,2023-05,9
C1093,2024-03,2023-05,10
C1093,2024-04,2023-05,11
C1093,2024-05,2023-05,12
C1093,2024-06,2023-05,13
C1093,2024-07,2023-05,14
C1093,2024-08,2023-05,15
C1093,2024-09,2023-05,16
C1093,2024-10,2023-05,17
C1093,2024-11,2023-05,18
C1093,2024-12,2023-05,19
C1094,2023-03,2023-03,0
C1094,2023-04,2023-03,1
C1094,2023-05,2023-03,2
C1094,2023-06,2023-03,3
C1094,2023-07,2023-03,4
C1094,2023-08,2023-03,5
C1094,2023-09,2023-03,6
C1094,2023-10,2023-03,7
C1094,2023-11,2023-03,8
C1094,2023-12,2023-03,9
C1094,2024-01,2023-03,10
C1094,2024-02,2023-03,11
C1094,2024-03,2023-03,12
C1094,2024-04,2023-03,13
C1094,2024-05,2023-03,14
C1094,2024-06,2023-03,15
C1094,2024-07,2023-03,16
C1094,2024-08,2023-03,17
C1094,2024-09,2023-03,18
C1094,2024-10,2023-03,19
C1094,2024-11,2023-03,20
C1094,2024-12,2023-03,21
C1095,2023-02,2023-02,0
C1095,2023-03,2023-02,1
C1095,2023-04,2023-02,2
C1095,2023-05,2023-02,3
C1095,2023-06,2023-02,4
C1095,2023-07,2023-02,5
C1095,2023-08,2023-02,6
C1095,2023-09,2023-02,7
C1095,2023-10,2023-02,8
C1095,2023-11,2023-02,9
C1095,2023-12,2023-02,10
C1095,2024-01,2023-02,11
C1095,2024-02,2023-02,12
C1095,2024-03,2023-02,13
C1095,2024-04,2023-02,14
C1095,2024-05,2023-02,15
C1095,2024-06,2023-02,16
C1095,2024-07,2023-02,17
C1095,2024-08,2023-02,18
C1095,2024-09,2023-02,19
C1095,2024-10,2023-02,20
C1095,2024-11,2023-02,21
C1095,2024-12,2023-02,22
C1096,2024-03,2024-03,0
C1096,2024-04,2024-03,1
C1096,2024-05,2024-03,2
C1096,2024-06,2024-03,3
C1096,2024-07,2024-03,4
C1096,2024-08,2024-03,5
C1096,2024-09,2024-03,6
C1096,2024-10,2024-03,7
C1096,2024-11,2024-03,8
C1096,2024-12,2024-03,9
C1097,2024-12,2024-12,0
C1098,2024-04,2024-04,0
C1098,2024-05,2024-04,1
C1098,2024-06,2024-04,2
C1098,2024-07,2024-04,3
C1098,2024-08,2024-04,4
C1098,2024-09,2024-04,5
C1098,2024-10,2024-04,6
C1098,2024-11,2024-04,7
C1098,2024-12,2024-04,8
C1099,2023-02,2023-02,0
C1099,2023-03,2023-02,1
C1099,2023-04,2023-02,2
C1099,2023-05,2023-02,3
C1099,2023-06,2023-02,4
C1099,2023-07,2023-02,5
C1099,2023-08,2023-02,6
C1099,2023-09,2023-02,7
C1099,2023-10,2023-02,8
C1099,2023-11,2023-02,9
C1099,2023-12,2023-02,10
C1099,2024-01,2023-02,11
C1099,2024-02,2023-02,12
C1100,2024-07,2024-07,0
C1100,2024-08,2024-07,1
C1100,2024-09,2024-07,2
C1100,2024-10,2024-07,3
C1100,2024-11,2024-07,4
C1100,2024-12,2024-07,5
C1101,2023-02,2023-02,0
C1101,2023-03,2023-02,1
C1101,2023-04,2023-02,2
C1101,2023-05,2023-02,3
C1101,2023-06,2023-02,4
C1101,2023-07,2023-02,5
C1101,2023-08,2023-02,6
C1101,2023-09,2023-02,7
C1101,2023-10,2023-02,8
C1101,2023-11,2023-02,9
C1101,2023-12,2023-02,10
C1101,2024-01,2023-02,11
C1101,2024-02,2023-02,12
C1101,2024-03,2023-02,13
C1101,2024-04,2023-02,14
C1101,2024-05,2023-02,15
C1101,2024-06,2023-02,16
C1101,2024-07,2023-02,17
C1101,2024-08,2023-02,18
C1101,2024-09,2023-02,19
C1101,2024-10,2023-02,20
C1101,2024-11,2023-02,21
C1101,2024-12,2023-02,22
C1102,2023-03,2023-03,0
C1102,2023-04,2023-03,1
C1102,2023-05,2023-03,2
C1102,2023-06,2023-03,3
C1102,2023-07,2023-03,4
C1102,2023-08,2023-03,5
C1102,2023-09,2023-03,6
C1102,2023-10,2023-03,7
C1102,2023-11,2023-03,8
C1102,2023-12,2023-03,9
C1102,2024-01,2023-03,10
C1102,2024-02,2023-03,11
C1102,2024-03,2023-03,12
C1102,2024-04,2023-03,13
C1102,2024-05,2023-03,14
C1102,2024-06,2023-03,15
C1102,2024-07,2023-03,16
C1102,2024-08,2023-03,17
C1102,2024-09,2023-03,18
C1102,2024-10,2023-03,19
C1102,2024-11,2023-03,20
C1102,2024-12,2023-03,21
C1103,2023-07,2023-07,0
C1103,2023-08,2023-07,1
C1103,2023-09,2023-07,2
C1103,2023-10,2023-07,3
C1103,2023-11,2023-07,4
C1103,2023-12,2023-07,5
C1103,2024-01,2023-07,6
C1103,2024-02,2023-07,7
C1103,2024-03,2023-07,8
C1103,2024-04,2023-07,9
C1103,2024-05,2023-07,10
C1103,2024-06,2023-07,11
C1103,2024-07,2023-07,12
C1103,2024-08,2023-07,13
C1103,2024-09,2023-07,14
C1103,2024-10,2023-07,15
C1103,2024-11,2023-07,16
C1103,2024-12,2023-07,17
C1104,2024-10,2024-10,0
C1104,2024-11,2024-10,1
C1104,2024-12,2024-10,2
C1105,2023-01,2023-01,0
C1105,2023-02,2023-01,1
C1105,2023-03,2023-01,2
C1105,2023-04,2023-01,3
C1105,2023-05,2023-01,4
C1105,2023-06,2023-01,5
C1105,2023-07,2023-01,6
C1105,2023-08,2023-01,7
C1105,2023-09,2023-01,8
C1105,2023-10,2023-01,9
C1105,2023-11,2023-01,10
C1105,2023-12,2023-01,11
C1105,2024-01,2023-01,12
C1105,2024-02,2023-01,13
C1105,2024-03,2023-01,14
C1105,2024-04,2023-01,15
C1105,2024-05,2023-01,16
C1105,2024-06,2023-01,17
C1105,2024-07,2023-01,18
C1105,2024-08,2023-01,19
C1105,2024-09,2023-01,20
C1105,2024-10,2023-01,21
C1105,2024-11,2023-01,22
C1105,2024-12,2023-01,23
C1106,2024-09,2024-09,0
C1106,2024-10,2024-09,1
C1106,2024-11,2024-09,2
C1106,2024-12,2024-09,3
C1107,2023-12,2023-12,0
C1107,2024-01,2023-12,1
C1107,2024-02,2023-12,2
C1107,2024-03,2023-12,3
C1107,2024-04,2023-12,4
C1107,2024-05,2023-12,5
C1107,2024-06,2023-12,6
C1107,2024-07,2023-12,7
C1107,2024-08,2023-12,8
C1107,2024-09,2023-12,9
C1107,2024-10,2023-12,10
C1107,2024-11,2023-12,11
C1107,2024-12,2023-12,12
C1108,2023-01,2023-01,0
C1108,2023-02,2023-01,1
C1108,2023-03,2023-01,2
C1108,2023-04,2023-01,3
C1108,2023-05,2023-01,4
C1108,2023-06,2023-01,5
C1108,2023-07,2023-01,6
C1108,2023-08,2023-01,7
C1108,2023-09,2023-01,8
C1108,2023-10,2023-01,9
C1108,2023-11,2023-01,10
C1108,2023-12,2023-01,11
C1108,2024-01,2023-01,12
C1108,2024-02,2023-01,13
C1108,2024-03,2023-01,14
C1108,2024-04,2023-01,15
C1108,2024-05,2023-01,16
C1108,2024-06,2023-01,17
C1108,2024-07,2023-01,18
C1108,2024-08,2023-01,19
C1108,2024-09,2023-01,20
C1108,2024-10,2023-01,21
C1108,2024-11,2023-01,22
C1108,2024-12,2023-01,23
C1109,2023-02,2023-02,0
C1109,2023-03,2023-02,1
C1109,2023-04,2023-02,2
C1109,2023-05,2023-02,3
C1109,2023-06,2023-02,4
C1109,2023-07,2023-02,5
C1109,2023-08,2023-02,6
C1109,2023-09,2023-02,7
C1109,2023-10,2023-02,8
C1109,2023-11,2023-02,9
C1109,2023-12,2023-02,10
C1109,2024-01,2023-02,11
C1109,2024-02,2023-02,12
C1109,2024-03,2023-02,13
C1109,2024-04,2023-02,14
C1109,2024-05,2023-02,15
C1109,2024-06,2023-02,16
C1109,2024-07,2023-02,17
C1109,2024-08,2023-02,18
C1109,2024-09,2023-02,19
C1109,2024-10,2023-02,20
C1109,2024-11,2023-02,21
C1109,2024-12,2023-02,22
C1110,2024-07,2024-07,0
C1110,2024-08,2024-07,1
C1110,2024-09,2024-07,2
C1110,2024-10,2024-07,3
C1110,2024-11,2024-07,4
C1110,2024-12,2024-07,5
C1111,2024-06,2024-06,0
C1111,2024-07,2024-06,1
C1111,2024-08,2024-06,2
C1111,2024-09,2024-06,3
C1111,2024-10,2024-06,4
C1111,2024-11,2024-06,5
C1111,2024-12,2024-06,6
C1112,2023-07,2023-07,0
C1112,2023-08,2023-07,1
C1112,2023-09,2023-07,2
C1112,2023-10,2023-07,3
C1112,2023-11,2023-07,4
C1112,2023-12,2023-07,5
C1112,2024-01,2023-07,6
C1112,2024-02,2023-07,7
C1112,2024-03,2023-07,8
C1112,2024-04,2023-07,9
C1112,2024-05,2023-07,10
C1112,2024-06,2023-07,11
C1112,2024-07,2023-07,12
C1112,2024-08,2023-07,13
C1112,2024-09,2023-07,14
C1112,2024-10,2023-07,15
C1113,2024-09,2024-09,0
C1113,2024-10,2024-09,1
C1113,2024-11,2024-09,2
C1113,2024-12,2024-09,3
C1114,2024-11,2024-11,0
C1114,2024-12,2024-11,1
C1115,2024-09,2024-09,0
C1115,2024-10,2024-09,1
C1115,2024-11,2024-09,2
C1115,2024-12,2024-09,3
C1116,2024-12,2024-12,0
C1117,2024-01,2024-01,0
C1117,2024-02,2024-01,1
C1117,2024-03,2024-01,2
C1118,2024-07,2024-07,0
C1118,2024-08,2024-07,1
C1118,2024-09,2024-07,2
C1118,2024-10,2024-07,3
C1118,2024-11,2024-07,4
C1118,2024-12,2024-07,5
C1119,2023-07,2023-07,0
C1119,2023-08,2023-07,1
C1119,2023-09,2023-07,2
C1119,2023-10,2023-07,3
C1119,2023-11,2023-07,4
C1119,2023-12,2023-07,5
C1119,2024-01,2023-07,6
C1119,2024-02,2023-07,7
C1119,2024-03,2023-07,8
C1119,2024-04,2023-07,9
C1119,2024-05,2023-07,10
C1119,2024-06,2023-07,11
C1119,2024-07,2023-07,12
C1119,2024-08,2023-07,13
C1119,2024-09,2023-07,14
C1119,2024-10,2023-07,15
C1119,2024-11,2023-07,16
C1119,2024-12,2023-07,17
C1120,2024-06,2024-06,0
C1120,2024-07,2024-06,1
C1120,2024-08,2024-06,2
C1120,2024-09,2024-06,3
C1120,2024-10,2024-06,4
C1120,2024-11,2024-06,5
C1120,2024-12,2024-06,6
C1121,2023-04,2023-04,0
C1121,2023-05,2023-04,1
C1121,2023-06,2023-04,2
C1121,2023-07,2023-04,3
C1121,2023-08,2023-04,4
C1121,2023-09,2023-04,5
C1121,2023-10,2023-04,6
C1121,2023-11,2023-04,7
C1121,2023-12,2023-04,8
C1121,2024-01,2023-04,9
C1121,2024-02,2023-04,10
C1121,2024-03,2023-04,11
C1121,2024-04,2023-04,12
C1121,2024-05,2023-04,13
C1121,2024-06,2023-04,14
C1121,2024-07,2023-04,15
C1121,2024-08,2023-04,16
C1121,2024-09,2023-04,17
C1121,2024-10,2023-04,18
C1121,2024-11,2023-04,19
C1121,2024-12,2023-04,20
C1122,2024-04,2024-04,0
C1122,2024-05,2024-04,1
C1122,2024-06,2024-04,2
C1122,2024-07,2024-04,3
C1122,2024-08,2024-04,4
C1122,2024-09,2024-04,5
C1122,2024-10,2024-04,6
C1122,2024-11,2024-04,7
C1123,2024-05,2024-05,0
C1123,2024-06,2024-05,1
C1123,2024-07,2024-05,2
C1123,2024-08,2024-05,3
C1123,2024-09,2024-05,4
C1123,2024-10,2024-05,5
C1123,2024-11,2024-05,6
C1123,2024-12,2024-05,7
C1124,2024-08,2024-08,0
C1124,2024-09,2024-08,1
C1124,2024-10,2024-08,2
C1124,2024-11,2024-08,3
C1124,2024-12,2024-08,4
C1125,2023-06,2023-06,0
C1125,2023-07,2023-06,1
C1125,2023-08,2023-06,2
C1125,2023-09,2023-06,3
C1125,2023-10,2023-06,4
C1125,2023-11,2023-06,5
C1125,2023-12,2023-06,6
C1125,2024-01,2023-06,7
C1125,2024-02,2023-06,8
C1125,2024-03,2023-06,9
C1125,2024-04,2023-06,10
C1125,2024-05,2023-06,11
C1125,2024-06,2023-06,12
C1125,2024-07,2023-06,13
C1126,2023-10,2023-10,0
C1126,2023-11,2023-10,1
C1126,2023-12,2023-10,2
C1126,2024-01,2023-10,3
C1126,2024-02,2023-10,4
C1126,2024-03,2023-10,5
C1126,2024-04,2023-10,6
C1126,2024-05,2023-10,7
C1126,2024-06,2023-10,8
C1126,2024-07,2023-10,9
C1126,2024-08,2023-10,10
C1126,2024-09,2023-10,11
C1126,2024-10,2023-10,12
C1126,2024-11,2023-10,13
C1126,2024-12,2023-10,14
C1127,2024-03,2024-03,0
C1127,2024-04,2024-03,1
C1127,2024-05,2024-03,2
C1127,2024-06,2024-03,3
C1127,2024-07,2024-03,4
C1127,2024-08,2024-03,5
C1127,2024-09,2024-03,6
C1127,2024-10,2024-03,7
C1127,2024-11,2024-03,8
C1127,2024-12,2024-03,9
C1128,2023-09,2023-09,0
C1128,2023-10,2023-09,1
C1128,2023-11,2023-09,2
C1128,2023-12,2023-09,3
C1128,2024-01,2023-09,4
C1128,2024-02,2023-09,5
C1128,2024-03,2023-09,6
C1128,2024-04,2023-09,7
C1128,2024-05,2023-09,8
C1128,2024-06,2023-09,9
C1128,2024-07,2023-09,10
C1128,2024-08,2023-09,11
C1128,2024-09,2023-09,12
C1128,2024-10,2023-09,13
C1128,2024-11,2023-09,14
C1128,2024-12,2023-09,15
C1129,2024-05,2024-05,0
C1129,2024-06,2024-05,1
C1129,2024-07,2024-05,2
C1129,2024-08,2024-05,3
C1129,2024-09,2024-05,4
C1129,2024-10,2024-05,5
C1129,2024-11,2024-05,6
C1129,2024-12,2024-05,7
C1130,2024-03,2024-03,0
C1130,2024-04,2024-03,1
C1130,2024-05,2024-03,2
C1130,2024-06,2024-03,3
C1130,2024-07,2024-03,4
C1130,2024-08,2024-03,5
C1130,2024-09,2024-03,6
C1130,2024-10,2024-03,7
C1130,2024-11,2024-03,8
C1130,2024-12,2024-03,9
C1131,2023-05,2023-05,0
C1131,2023-06,2023-05,1
C1131,2023-07,2023-05,2
C1131,2023-08,2023-05,3
C1131,2023-09,2023-05,4
C1131,2023-10,2023-05,5
C1131,2023-11,2023-05,6
C1131,2023-12,2023-05,7
C1131,2024-01,2023-05,8
C1131,2024-02,2023-05,9
C1131,2024-03,2023-05,10
C1131,2024-04,2023-05,11
C1131,2024-05,2023-05,12
C1131,2024-06,2023-05,13
C1131,2024-07,2023-05,14
C1131,2024-08,2023-05,15
C1131,2024-09,2023-05,16
C1131,2024-10,2023-05,17
C1131,2024-11,2023-05,18
C1131,2024-12,2023-05,19
C1132,2023-12,2023-12,0
C1132,2024-01,2023-12,1
C1132,2024-02,2023-12,2
C1132,2024-03,2023-12,3
C1132,2024-04,2023-12,4
C1132,2024-05,2023-12,5
C1132,2024-06,2023-12,6
C1132,2024-07,2023-12,7
C1132,2024-08,2023-12,8
C1132,2024-09,2023-12,9
C1132,2024-10,2023-12,10
C1132,2024-11,2023-12,11
C1132,2024-12,2023-12,12
C1134,2023-01,2023-01,0
C1134,2023-02,2023-01,1
C1134,2023-03,2023-01,2
C1134,2023-04,2023-01,3
C1134,2023-05,2023-01,4
C1134,2023-06,2023-01,5
C1134,2023-07,2023-01,6
C1134,2023-08,2023-01,7
C1134,2023-09,2023-01,8
C1134,2023-10,2023-01,9
C1134,2023-11,2023-01,10
C1134,2023-12,2023-01,11
C1134,2024-01,2023-01,12
C1134,2024-02,2023-01,13
C1134,2024-03,2023-01,14
C1134,2024-04,2023-01,15
C1134,2024-05,2023-01,16
C1134,2024-06,2023-01,17
C1134,2024-07,2023-01,18
C1134,2024-08,2023-01,19
C1134,2024-09,2023-01,20
C1134,2024-10,2023-01,21
C1134,2024-11,2023-01,22
C1134,2024-12,2023-01,23
C1135,2023-11,2023-11,0
C1135,2023-12,2023-11,1
C1135,2024-01,2023-11,2
C1135,2024-02,2023-11,3
C1135,2024-03,2023-11,4
C1135,2024-04,2023-11,5
C1135,2024-05,2023-11,6
C1135,2024-06,2023-11,7
C1135,2024-07,2023-11,8
C1135,2024-08,2023-11,9
C1135,2024-09,2023-11,10
C1135,2024-10,2023-11,11
C1135,2024-11,2023-11,12
C1135,2024-12,2023-11,13
C1136,2024-04,2024-04,0
C1136,2024-05,2024-04,1
C1136,2024-06,2024-04,2
C1136,2024-07,2024-04,3
C1136,2024-08,2024-04,4
C1136,2024-09,2024-04,5
C1136,2024-10,2024-04,6
C1136,2024-11,2024-04,7
C1136,2024-12,2024-04,8
C1137,2023-08,2023-08,0
C1137,2023-09,2023-08,1
C1137,2023-10,2023-08,2
C1137,2023-11,2023-08,3
C1137,2023-12,2023-08,4
C1137,2024-01,2023-08,5
C1137,2024-02,2023-08,6
C1137,2024-03,2023-08,7
C1138,2024-10,2024-10,0
C1138,2024-11,2024-10,1
C1138,2024-12,2024-10,2
C1139,2023-07,2023-07,0
C1139,2023-08,2023-07,1
C1139,2023-09,2023-07,2
C1139,2023-10,2023-07,3
C1139,2023-11,2023-07,4
C1139,2023-12,2023-07,5
C1139,2024-01,2023-07,6
C1139,2024-02,2023-07,7
C1139,2024-03,2023-07,8
C1139,2024-04,2023-07,9
C1139,2024-05,2023-07,10
C1139,2024-06,2023-07,11
C1139,2024-07,2023-07,12
C1139,2024-08,2023-07,13
C1139,2024-09,2023-07,14
C1139,2024-10,2023-07,15
C1139,2024-11,2023-07,16
C1139,2024-12,2023-07,17
C1140,2024-07,2024-07,0
C1140,2024-08,2024-07,1
C1140,2024-09,2024-07,2
C1140,2024-10,2024-07,3
C1141,2023-02,2023-02,0
C1141,2023-03,2023-02,1
C1141,2023-04,2023-02,2
C1141,2023-05,2023-02,3
C1141,2023-06,2023-02,4
C1141,2023-07,2023-02,5
C1141,2023-08,2023-02,6
C1141,2023-09,2023-02,7
C1141,2023-10,2023-02,8
C1141,2023-11,2023-02,9
C1141,2023-12,2023-02,10
C1141,2024-01,2023-02,11
C1141,2024-02,2023-02,12
C1141,2024-03,2023-02,13
C1141,2024-04,2023-02,14
C1141,2024-05,2023-02,15
C1141,2024-06,2023-02,16
C1141,2024-07,2023-02,17
C1141,2024-08,2023-02,18
C1141,2024-09,2023-02,19
C1141,2024-10,2023-02,20
C1141,2024-11,2023-02,21
C1141,2024-12,2023-02,22
C1142,2023-03,2023-03,0
C1142,2023-04,2023-03,1
C1142,2023-05,2023-03,2
C1142,2023-06,2023-03,3
C1142,2023-07,2023-03,4
C1142,2023-08,2023-03,5
C1142,2023-09,2023-03,6
C1142,2023-10,2023-03,7
C1142,2023-11,2023-03,8
C1142,2023-12,2023-03,9
C1142,2024-01,2023-03,10
C1142,2024-02,2023-03,11
C1142,2024-03,2023-03,12
C1142,2024-04,2023-03,13
C1142,2024-05,2023-03,14
C1142,2024-06,2023-03,15
C1142,2024-07,2023-03,16
C1142,2024-08,2023-03,17
C1142,2024-09,2023-03,18
C1142,2024-10,2023-03,19
C1142,2024-11,2023-03,20
C1142,2024-12,2023-03,21
C1143,2023-02,2023-02,0
C1143,2023-03,2023-02,1
C1143,2023-04,2023-02,2
C1143,2023-05,2023-02,3
C1143,2023-06,2023-02,4
C1143,2023-07,2023-02,5
C1143,2023-08,2023-02,6
C1143,2023-09,2023-02,7
C1143,2023-10,2023-02,8
C1143,2023-11,2023-02,9
C1143,2023-12,2023-02,10
C1143,2024-01,2023-02,11
C1143,2024-02,2023-02,12
C1143,2024-03,2023-02,13
C1143,2024-04,2023-02,14
C1143,2024-05,2023-02,15
C1144,2024-01,2024-01,0
C1144,2024-02,2024-01,1
C1144,2024-03,2024-01,2
C1144,2024-04,2024-01,3
C1144,2024-05,2024-01,4
C1144,2024-06,2024-01,5
C1144,2024-07,2024-01,6
C1144,2024-08,2024-01,7
C1144,2024-09,2024-01,8
C1144,2024-10,2024-01,9
C1144,2024-11,2024-01,10
C1144,2024-12,2024-01,11
C1145,2023-03,2023-03,0
C1145,2023-04,2023-03,1
C1145,2023-05,2023-03,2
C1145,2023-06,2023-03,3
C1145,2023-07,2023-03,4
C1145,2023-08,2023-03,5
C1145,2023-09,2023-03,6
C1145,2023-10,2023-03,7
C1145,2023-11,2023-03,8
C1145,2023-12,2023-03,9
C1145,2024-01,2023-03,10
C1145,2024-02,2023-03,11
C1145,2024-03,2023-03,12
C1145,2024-04,2023-03,13
C1145,2024-05,2023-03,14
C1145,2024-06,2023-03,15
C1145,2024-07,2023-03,16
C1145,2024-08,2023-03,17
C1145,2024-09,2023-03,18
C1145,2024-10,2023-03,19
C1145,2024-11,2023-03,20
C1145,2024-12,2023-03,21
C1146,2023-01,2023-01,0
C1146,2023-02,2023-01,1
C1146,2023-03,2023-01,2
C1146,2023-04,2023-01,3
C1146,2023-05,2023-01,4
C1146,2023-06,2023-01,5
C1146,2023-07,2023-01,6
C1146,2023-08,2023-01,7
C1146,2023-09,2023-01,8
C1146,2023-10,2023-01,9
C1146,2023-11,2023-01,10
C1146,2023-12,2023-01,11
C1146,2024-01,2023-01,12
C1146,2024-02,2023-01,13
C1146,2024-03,2023-01,14
C1146,2024-04,2023-01,15
C1146,2024-05,2023-01,16
C1146,2024-06,2023-01,17
C1146,2024-07,2023-01,18
C1146,2024-08,2023-01,19
C1146,2024-09,2023-01,20
C1146,2024-10,2023-01,21
C1146,2024-11,2023-01,22
C1146,2024-12,2023-01,23
C1147,2023-11,2023-11,0
C1147,2023-12,2023-11,1
C1147,2024-01,2023-11,2
C1147,2024-02,2023-11,3
C1147,2024-03,2023-11,4
C1147,2024-04,2023-11,5
C1147,2024-05,2023-11,6
C1147,2024-06,2023-11,7
C1147,2024-07,2023-11,8
C1147,2024-08,2023-11,9
C1147,2024-09,2023-11,10
C1147,2024-10,2023-11,11
C1147,2024-11,2023-11,12
C1147,2024-12,2023-11,13
C1148,2024-09,2024-09,0
C1148,2024-10,2024-09,1
C1148,2024-11,2024-09,2
C1148,2024-12,2024-09,3
C1149,2023-04,2023-04,0
C1149,2023-05,2023-04,1
C1149,2023-06,2023-04,2
C1149,2023-07,2023-04,3
C1149,2023-08,2023-04,4
C1149,2023-09,2023-04,5
C1149,2023-10,2023-04,6
C1149,2023-11,2023-04,7
C1149,2023-12,2023-04,8
C1149,2024-01,2023-04,9
C1149,2024-02,2023-04,10
C1149,2024-03,2023-04,11
C1149,2024-04,2023-04,12
C1149,2024-05,2023-04,13
C1149,2024-06,2023-04,14
C1149,2024-07,2023-04,15
C1149,2024-08,2023-04,16
C1149,2024-09,2023-04,17
C1149,2024-10,2023-04,18
C1149,2024-11,2023-04,19
C1149,2024-12,2023-04,20
C1151,2023-07,2023-07,0
C1151,2023-08,2023-07,1
C1151,2023-09,2023-07,2
C1151,2023-10,2023-07,3
C1151,2023-11,2023-07,4
C1151,2023-12,2023-07,5
C1151,2024-01,2023-07,6
C1151,2024-02,2023-07,7
C1151,2024-03,2023-07,8
C1151,2024-04,2023-07,9
C1151,2024-05,2023-07,10
C1151,2024-06,2023-07,11
C1151,2024-07,2023-07,12
C1151,2024-08,2023-07,13
C1151,2024-09,2023-07,14
C1151,2024-10,2023-07,15
C1151,2024-11,2023-07,16
C1152,2024-08,2024-08,0
C1152,2024-09,2024-08,1
C1152,2024-10,2024-08,2
C1152,2024-11,2024-08,3
C1152,2024-12,2024-08,4
C1153,2024-08,2024-08,0
C1153,2024-09,2024-08,1
C1153,2024-10,2024-08,2
C1153,2024-11,2024-08,3
C1153,2024-12,2024-08,4
C1154,2024-10,2024-10,0
C1154,2024-11,2024-10,1
C1154,2024-12,2024-10,2
C1155,2023-09,2023-09,0
C1155,2023-10,2023-09,1
C1155,2023-11,2023-09,2
C1155,2023-12,2023-09,3
C1155,2024-01,2023-09,4
C1155,2024-02,2023-09,5
C1155,2024-03,2023-09,6
C1155,2024-04,2023-09,7
C1155,2024-05,2023-09,8
C1155,2024-06,2023-09,9
C1155,2024-07,2023-09,10
C1155,2024-08,2023-09,11
C1155,2024-09,2023-09,12
C1155,2024-10,2023-09,13
C1155,2024-11,2023-09,14
C1155,2024-12,2023-09,15
C1156,2024-03,2024-03,0
C1156,2024-04,2024-03,1
C1156,2024-05,2024-03,2
C1156,2024-06,2024-03,3
C1156,2024-07,2024-03,4
C1156,2024-08,2024-03,5
C1156,2024-09,2024-03,6
C1156,2024-10,2024-03,7
C1156,2024-11,2024-03,8
C1156,2024-12,2024-03,9
C1157,2024-02,2024-02,0
C1157,2024-03,2024-02,1
C1157,2024-04,2024-02,2
C1157,2024-05,2024-02,3
C1157,2024-06,2024-02,4
C1157,2024-07,2024-02,5
C1157,2024-08,2024-02,6
C1157,2024-09,2024-02,7
C1157,2024-10,2024-02,8
C1157,2024-11,2024-02,9
C1157,2024-12,2024-02,10
C1158,2023-03,2023-03,0
C1158,2023-04,2023-03,1
C1158,2023-05,2023-03,2
C1158,2023-06,2023-03,3
C1158,2023-07,2023-03,4
C1158,2023-08,2023-03,5
C1158,2023-09,2023-03,6
C1158,2023-10,2023-03,7
C1158,2023-11,2023-03,8
C1158,2023-12,2023-03,9
C1158,2024-01,2023-03,10
C1158,2024-02,2023-03,11
C1158,2024-03,2023-03,12
C1158,2024-04,2023-03,13
C1158,2024-05,2023-03,14
C1158,2024-06,2023-03,15
C1158,2024-07,2023-03,16
C1158,2024-08,2023-03,17
C1158,2024-09,2023-03,18
C1158,2024-10,2023-03,19
C1158,2024-11,2023-03,20
C1158,2024-12,2023-03,21
C1159,2024-09,2024-09,0
C1159,2024-10,2024-09,1
C1159,2024-11,2024-09,2
C1159,2024-12,2024-09,3
C1160,2024-12,2024-12,0
C1161,2024-05,2024-05,0
C1161,2024-06,2024-05,1
C1161,2024-07,2024-05,2
C1161,2024-08,2024-05,3
C1161,2024-09,2024-05,4
C1161,2024-10,2024-05,5
C1161,2024-11,2024-05,6
C1161,2024-12,2024-05,7
C1162,2024-09,2024-09,0
C1162,2024-10,2024-09,1
C1162,2024-11,2024-09,2
C1162,2024-12,2024-09,3
C1163,2023-09,2023-09,0
C1163,2023-10,2023-09,1
C1163,2023-11,2023-09,2
C1163,2023-12,2023-09,3
C1163,2024-01,2023-09,4
C1163,2024-02,2023-09,5
C1163,2024-03,2023-09,6
C1163,2024-04,2023-09,7
C1163,2024-05,2023-09,8
C1163,2024-06,2023-09,9
C1163,2024-07,2023-09,10
C1163,2024-08,2023-09,11
C1163,2024-09,2023-09,12
C1163,2024-10,2023-09,13
C1163,2024-11,2023-09,14
C1163,2024-12,2023-09,15
C1164,2023-10,2023-10,0
C1164,2023-11,2023-10,1
C1164,2023-12,2023-10,2
C1164,2024-01,2023-10,3
C1164,2024-02,2023-10,4
C1164,2024-03,2023-10,5
C1164,2024-04,2023-10,6
C1164,2024-05,2023-10,7
C1164,2024-06,2023-10,8
C1164,2024-07,2023-10,9
C1164,2024-08,2023-10,10
C1164,2024-09,2023-10,11
C1164,2024-10,2023-10,12
C1164,2024-11,2023-10,13
C1164,2024-12,2023-10,14
C1165,2024-03,2024-03,0
C1165,2024-04,2024-03,1
C1165,2024-05,2024-03,2
C1165,2024-06,2024-03,3
C1165,2024-07,2024-03,4
C1165,2024-08,2024-03,5
C1165,2024-09,2024-03,6
C1165,2024-10,2024-03,7
C1165,2024-11,2024-03,8
C1165,2024-12,2024-03,9
C1166,2024-08,2024-08,0
C1166,2024-09,2024-08,1
C1166,2024-10,2024-08,2
C1166,2024-11,2024-08,3
C1166,2024-12,2024-08,4
C1167,2023-04,2023-04,0
C1167,2023-05,2023-04,1
C1167,2023-06,2023-04,2
C1167,2023-07,2023-04,3
C1167,2023-08,2023-04,4
C1167,2023-09,2023-04,5
C1167,2023-10,2023-04,6
C1167,2023-11,2023-04,7
C1167,2023-12,2023-04,8
C1167,2024-01,2023-04,9
C1167,2024-02,2023-04,10
C1167,2024-03,2023-04,11
C1167,2024-04,2023-04,12
C1167,2024-05,2023-04,13
C1167,2024-06,2023-04,14
C1167,2024-07,2023-04,15
C1167,2024-08,2023-04,16
C1167,2024-09,2023-04,17
C1167,2024-10,2023-04,18
C1167,2024-11,2023-04,19
C1167,2024-12,2023-04,20
C1168,2023-10,2023-10,0
C1168,2023-11,2023-10,1
C1168,2023-12,2023-10,2
C1168,2024-01,2023-10,3
C1168,2024-02,2023-10,4
C1168,2024-03,2023-10,5
C1168,2024-04,2023-10,6
C1168,2024-05,2023-10,7
C1168,2024-06,2023-10,8
C1168,2024-07,2023-10,9
C1168,2024-08,2023-10,10
C1168,2024-09,2023-10,11
C1168,2024-10,2023-10,12
C1168,2024-11,2023-10,13
C1168,2024-12,2023-10,14
C1169,2024-09,2024-09,0
C1169,2024-10,2024-09,1
C1169,2024-11,2024-09,2
C1169,2024-12,2024-09,3
C1170,2023-12,2023-12,0
C1170,2024-01,2023-12,1
C1170,2024-02,2023-12,2
C1170,2024-03,2023-12,3
C1170,2024-04,2023-12,4
C1170,2024-05,2023-12,5
C1171,2023-11,2023-11,0
C1171,2023-12,2023-11,1
C1171,2024-01,2023-11,2
C1171,2024-02,2023-11,3
C1171,2024-03,2023-11,4
C1171,2024-04,2023-11,5
C1171,2024-05,2023-11,6
C1171,2024-06,2023-11,7
C1171,2024-07,2023-11,8
C1171,2024-08,2023-11,9
C1171,2024-09,2023-11,10
C1171,2024-10,2023-11,11
C1171,2024-11,2023-11,12
C1171,2024-12,2023-11,13
C1172,2024-11,2024-11,0
C1172,2024-12,2024-11,1
C1173,2024-09,2024-09,0
C1173,2024-10,2024-09,1
C1173,2024-11,2024-09,2
C1173,2024-12,2024-09,3
C1174,2024-08,2024-08,0
C1174,2024-09,2024-08,1
C1174,2024-10,2024-08,2
C1174,2024-11,2024-08,3
C1174,2024-12,2024-08,4
C1175,2023-05,2023-05,0
C1175,2023-06,2023-05,1
C1175,2023-07,2023-05,2
C1175,2023-08,2023-05,3
C1175,2023-09,2023-05,4
C1175,2023-10,2023-05,5
C1175,2023-11,2023-05,6
C1175,2023-12,2023-05,7
C1175,2024-01,2023-05,8
C1175,2024-02,2023-05,9
C1175,2024-03,2023-05,10
C1175,2024-04,2023-05,11
C1175,2024-05,2023-05,12
C1175,2024-06,2023-05,13
C1175,2024-07,2023-05,14
C1175,2024-08,2023-05,15
C1175,2024-09,2023-05,16
C1175,2024-10,2023-05,17
C1175,2024-11,2023-05,18
C1175,2024-12,2023-05,19
C1176,2024-08,2024-08,0
C1176,2024-09,2024-08,1
C1176,2024-10,2024-08,2
C1176,2024-11,2024-08,3
C1176,2024-12,2024-08,4
C1177,2023-11,2023-11,0
C1177,2023-12,2023-11,1
C1177,2024-01,2023-11,2
C1177,2024-02,2023-11,3
C1177,2024-03,2023-11,4
C1177,2024-04,2023-11,5
C1177,2024-05,2023-11,6
C1177,2024-06,2023-11,7
C1177,2024-07,2023-11,8
C1177,2024-08,2023-11,9
C1177,2024-09,2023-11,10
C1177,2024-10,2023-11,11
C1177,2024-11,2023-11,12
C1177,2024-12,2023-11,13
C1178,2023-06,2023-06,0
C1178,2023-07,2023-06,1
C1178,2023-08,2023-06,2
C1178,2023-09,2023-06,3
C1178,2023-10,2023-06,4
C1178,2023-11,2023-06,5
C1178,2023-12,2023-06,6
C1178,2024-01,2023-06,7
C1178,2024-02,2023-06,8
C1178,2024-03,2023-06,9
C1178,2024-04,2023-06,10
C1178,2024-05,2023-06,11
C1178,2024-06,2023-06,12
C1178,2024-07,2023-06,13
C1178,2024-08,2023-06,14
C1178,2024-09,2023-06,15
C1178,2024-10,2023-06,16
C1178,2024-11,2023-06,17
C1178,2024-12,2023-06,18
C1179,2023-08,2023-08,0
C1179,2023-09,2023-08,1
C1179,2023-10,2023-08,2
C1179,2023-11,2023-08,3
C1179,2023-12,2023-08,4
C1179,2024-01,2023-08,5
C1179,2024-02,2023-08,6
C1180,2023-08,2023-08,0
C1180,2023-09,2023-08,1
C1180,2023-10,2023-08,2
C1180,2023-11,2023-08,3
C1180,2023-12,2023-08,4
C1180,2024-01,2023-08,5
C1180,2024-02,2023-08,6
C1180,2024-03,2023-08,7
C1180,2024-04,2023-08,8
C1180,2024-05,2023-08,9
C1180,2024-06,2023-08,10
C1181,2024-09,2024-09,0
C1181,2024-10,2024-09,1
C1181,2024-11,2024-09,2
C1181,2024-12,2024-09,3
C1182,2023-09,2023-09,0
C1182,2023-10,2023-09,1
C1182,2023-11,2023-09,2
C1182,2023-12,2023-09,3
C1182,2024-01,2023-09,4
C1182,2024-02,2023-09,5
C1182,2024-03,2023-09,6
C1182,2024-04,2023-09,7
C1182,2024-05,2023-09,8
C1182,2024-06,2023-09,9
C1182,2024-07,2023-09,10
C1182,2024-08,2023-09,11
C1182,2024-09,2023-09,12
C1182,2024-10,2023-09,13
C1182,2024-11,2023-09,14
C1182,2024-12,2023-09,15
C1183,2024-04,2024-04,0
C1183,2024-05,2024-04,1
C1183,2024-06,2024-04,2
C1183,2024-07,2024-04,3
C1183,2024-08,2024-04,4
C1183,2024-09,2024-04,5
C1183,2024-10,2024-04,6
C1183,2024-11,2024-04,7
C1183,2024-12,2024-04,8
C1184,2023-04,2023-04,0
C1184,2023-05,2023-04,1
C1184,2023-06,2023-04,2
C1184,2023-07,2023-04,3
C1184,2023-08,2023-04,4
C1184,2023-09,2023-04,5
C1184,2023-10,2023-04,6
C1184,2023-11,2023-04,7
C1184,2023-12,2023-04,8
C1184,2024-01,2023-04,9
C1184,2024-02,2023-04,10
C1184,2024-03,2023-04,11
C1184,2024-04,2023-04,12
C1184,2024-05,2023-04,13
C1184,2024-06,2023-04,14
C1184,2024-07,2023-04,15
C1184,2024-08,2023-04,16
C1184,2024-09,2023-04,17
C1184,2024-10,2023-04,18
C1184,2024-11,2023-04,19
C1184,2024-12,2023-04,20
C1185,2024-08,2024-08,0
C1185,2024-09,2024-08,1
C1185,2024-10,2024-08,2
C1185,2024-11,2024-08,3
C1185,2024-12,2024-08,4
C1186,2023-10,2023-10,0
C1186,2023-11,2023-10,1
C1186,2023-12,2023-10,2
C1186,2024-01,2023-10,3
C1186,2024-02,2023-10,4
C1186,2024-03,2023-10,5
C1186,2024-04,2023-10,6
C1186,2024-05,2023-10,7
C1186,2024-06,2023-10,8
C1186,2024-07,2023-10,9
C1186,2024-08,2023-10,10
C1186,2024-09,2023-10,11
C1186,2024-10,2023-10,12
C1186,2024-11,2023-10,13
C1186,2024-12,2023-10,14
C1187,2024-03,2024-03,0
C1187,2024-04,2024-03,1
C1187,2024-05,2024-03,2
C1187,2024-06,2024-03,3
C1187,2024-07,2024-03,4
C1187,2024-08,2024-03,5
C1187,2024-09,2024-03,6
C1187,2024-10,2024-03,7
C1187,2024-11,2024-03,8
C1187,2024-12,2024-03,9
C1188,2023-07,2023-07,0
C1188,2023-08,2023-07,1
C1188,2023-09,2023-07,2
C1188,2023-10,2023-07,3
C1188,2023-11,2023-07,4
C1188,2023-12,2023-07,5
C1188,2024-01,2023-07,6
C1188,2024-02,2023-07,7
C1188,2024-03,2023-07,8
C1188,2024-04,2023-07,9
C1188,2024-05,2023-07,10
C1188,2024-06,2023-07,11
C1188,2024-07,2023-07,12
C1188,2024-08,2023-07,13
C1188,2024-09,2023-07,14
C1188,2024-10,2023-07,15
C1188,2024-11,2023-07,16
C1188,2024-12,2023-07,17
C1189,2024-08,2024-08,0
C1189,2024-09,2024-08,1
C1189,2024-10,2024-08,2
C1189,2024-11,2024-08,3
C1189,2024-12,2024-08,4
C1190,2023-02,2023-02,0
C1190,2023-03,2023-02,1
C1190,2023-04,2023-02,2
C1190,2023-05,2023-02,3
C1190,2023-06,2023-02,4
C1190,2023-07,2023-02,5
C1190,2023-08,2023-02,6
C1190,2023-09,2023-02,7
C1190,2023-10,2023-02,8
C1190,2023-11,2023-02,9
C1190,2023-12,2023-02,10
C1190,2024-01,2023-02,11
C1190,2024-02,2023-02,12
C1190,2024-03,2023-02,13
C1190,2024-04,2023-02,14
C1190,2024-05,2023-02,15
C1190,2024-06,2023-02,16
C1190,2024-07,2023-02,17
C1190,2024-08,2023-02,18
C1190,2024-09,2023-02,19
C1190,2024-10,2023-02,20
C1190,2024-11,2023-02,21
C1190,2024-12,2023-02,22
C1191,2023-12,2023-12,0
C1191,2024-01,2023-12,1
C1191,2024-02,2023-12,2
C1191,2024-03,2023-12,3
C1191,2024-04,2023-12,4
C1191,2024-05,2023-12,5
C1191,2024-06,2023-12,6
C1191,2024-07,2023-12,7
C1191,2024-08,2023-12,8
C1191,2024-09,2023-12,9
C1191,2024-10,2023-12,10
C1191,2024-11,2023-12,11
C1191,2024-12,2023-12,12
C1192,2023-07,2023-07,0
C1192,2023-08,2023-07,1
C1192,2023-09,2023-07,2
C1192,2023-10,2023-07,3
C1192,2023-11,2023-07,4
C1192,2023-12,2023-07,5
C1192,2024-01,2023-07,6
C1192,2024-02,2023-07,7
C1192,2024-03,2023-07,8
C1192,2024-04,2023-07,9
C1192,2024-05,2023-07,10
C1192,2024-06,2023-07,11
C1192,2024-07,2023-07,12
C1192,2024-08,2023-07,13
C1192,2024-09,2023-07,14
C1192,2024-10,2023-07,15
C1192,2024-11,2023-07,16
C1192,2024-12,2023-07,17
C1193,2024-08,2024-08,0
C1193,2024-09,2024-08,1
C1193,2024-10,2024-08,2
C1193,2024-11,2024-08,3
C1193,2024-12,2024-08,4
C1194,2024-03,2024-03,0
C1194,2024-04,2024-03,1
C1194,2024-05,2024-03,2
C1194,2024-06,2024-03,3
C1194,2024-07,2024-03,4
C1194,2024-08,2024-03,5
C1194,2024-09,2024-03,6
C1194,2024-10,2024-03,7
C1194,2024-11,2024-03,8
C1194,2024-12,2024-03,9
C1195,2023-05,2023-05,0
C1195,2023-06,2023-05,1
C1195,2023-07,2023-05,2
C1195,2023-08,2023-05,3
C1195,2023-09,2023-05,4
C1195,2023-10,2023-05,5
C1195,2023-11,2023-05,6
C1195,2023-12,2023-05,7
C1195,2024-01,2023-05,8
C1195,2024-02,2023-05,9
C1195,2024-03,2023-05,10
C1195,2024-04,2023-05,11
C1195,2024-05,2023-05,12
C1195,2024-06,2023-05,13
C1195,2024-07,2023-05,14
C1195,2024-08,2023-05,15
C1195,2024-09,2023-05,16
C1195,2024-10,2023-05,17
C1195,2024-11,2023-05,18
C1195,2024-12,2023-05,19
C1196,2023-03,2023-03,0
C1196,2023-04,2023-03,1
C1196,2023-05,2023-03,2
C1196,2023-06,2023-03,3
C1197,2024-04,2024-04,0
C1197,2024-05,2024-04,1
C1197,2024-06,2024-04,2
C1197,2024-07,2024-04,3
C1197,2024-08,2024-04,4
C1197,2024-09,2024-04,5
C1197,2024-10,2024-04,6
C1197,2024-11,2024-04,7
C1197,2024-12,2024-04,8
C1198,2023-04,2023-04,0
C1198,2023-05,2023-04,1
C1198,2023-06,2023-04,2
C1198,2023-07,2023-04,3
C1198,2023-08,2023-04,4
C1198,2023-09,2023-04,5
C1198,2023-10,2023-04,6
C1198,2023-11,2023-04,7
C1198,2023-12,2023-04,8
C1198,2024-01,2023-04,9
C1198,2024-02,2023-04,10
C1198,2024-03,2023-04,11
C1198,2024-04,2023-04,12
C1198,2024-05,2023-04,13
C1198,2024-06,2023-04,14
C1198,2024-07,2023-04,15
C1198,2024-08,2023-04,16
C1198,2024-09,2023-04,17
C1198,2024-10,2023-04,18
C1198,2024-11,2023-04,19
C1198,2024-12,2023-04,20
C1199,2024-08,2024-08,0
C1199,2024-09,2024-08,1
C1199,2024-10,2024-08,2
C1199,2024-11,2024-08,3
C1199,2024-12,2024-08,4
C1200,2024-11,2024-11,0
C1200,2024-12,2024-11,1
C1201,2024-12,2024-12,0
C1202,2024-12,2024-12,0
C1203,2024-10,2024-10,0
C1203,2024-11,2024-10,1
C1203,2024-12,2024-10,2
C1204,2023-02,2023-02,0
C1204,2023-03,2023-02,1
C1204,2023-04,2023-02,2
C1204,2023-05,2023-02,3
C1204,2023-06,2023-02,4
C1204,2023-07,2023-02,5
C1204,2023-08,2023-02,6
C1204,2023-09,2023-02,7
C1204,2023-10,2023-02,8
C1204,2023-11,2023-02,9
C1204,2023-12,2023-02,10
C1204,2024-01,2023-02,11
C1204,2024-02,2023-02,12
C1204,2024-03,2023-02,13
C1204,2024-04,2023-02,14
C1204,2024-05,2023-02,15
C1204,2024-06,2023-02,16
C1204,2024-07,2023-02,17
C1204,2024-08,2023-02,18
C1204,2024-09,2023-02,19
C1204,2024-10,2023-02,20
C1204,2024-11,2023-02,21
C1204,2024-12,2023-02,22
C1205,2023-11,2023-11,0
C1205,2023-12,2023-11,1
C1205,2024-01,2023-11,2
C1205,2024-02,2023-11,3
C1205,2024-03,2023-11,4
C1205,2024-04,2023-11,5
C1205,2024-05,2023-11,6
C1205,2024-06,2023-11,7
C1205,2024-07,2023-11,8
C1205,2024-08,2023-11,9
C1205,2024-09,2023-11,10
C1205,2024-10,2023-11,11
C1206,2023-04,2023-04,0
C1206,2023-05,2023-04,1
C1206,2023-06,2023-04,2
C1206,2023-07,2023-04,3
C1206,2023-08,2023-04,4
C1206,2023-09,2023-04,5
C1206,2023-10,2023-04,6
C1206,2023-11,2023-04,7
C1206,2023-12,2023-04,8
C1206,2024-01,2023-04,9
C1206,2024-02,2023-04,10
C1206,2024-03,2023-04,11
C1206,2024-04,2023-04,12
C1206,2024-05,2023-04,13
C1206,2024-06,2023-04,14
C1206,2024-07,2023-04,15
C1206,2024-08,2023-04,16
C1206,2024-09,2023-04,17
C1206,2024-10,2023-04,18
C1206,2024-11,2023-04,19
C1206,2024-12,2023-04,20
C1207,2023-04,2023-04,0
C1207,2023-05,2023-04,1
C1207,2023-06,2023-04,2
C1207,2023-07,2023-04,3
C1207,2023-08,2023-04,4
C1207,2023-09,2023-04,5
C1207,2023-10,2023-04,6
C1207,2023-11,2023-04,7
C1207,2023-12,2023-04,8
C1207,2024-01,2023-04,9
C1207,2024-02,2023-04,10
C1207,2024-03,2023-04,11
C1207,2024-04,2023-04,12
C1207,2024-05,2023-04,13
C1207,2024-06,2023-04,14
C1207,2024-07,2023-04,15
C1207,2024-08,2023-04,16
C1207,2024-09,2023-04,17
C1207,2024-10,2023-04,18
C1207,2024-11,2023-04,19
C1207,2024-12,2023-04,20
C1208,2023-10,2023-10,0
C1208,2023-11,2023-10,1
C1208,2023-12,2023-10,2
C1208,2024-01,2023-10,3
C1208,2024-02,2023-10,4
C1208,2024-03,2023-10,5
C1208,2024-04,2023-10,6
C1208,2024-05,2023-10,7
C1208,2024-06,2023-10,8
C1208,2024-07,2023-10,9
C1208,2024-08,2023-10,10
C1208,2024-09,2023-10,11
C1209,2023-08,2023-08,0
C1209,2023-09,2023-08,1
C1209,2023-10,2023-08,2
C1209,2023-11,2023-08,3
C1209,2023-12,2023-08,4
C1209,2024-01,2023-08,5
C1210,2023-12,2023-12,0
C1210,2024-01,2023-12,1
C1210,2024-02,2023-12,2
C1210,2024-03,2023-12,3
C1210,2024-04,2023-12,4
C1210,2024-05,2023-12,5
C1210,2024-06,2023-12,6
C1210,2024-07,2023-12,7
C1211,2024-10,2024-10,0
C1211,2024-11,2024-10,1
C1211,2024-12,2024-10,2
C1212,2023-06,2023-06,0
C1212,2023-07,2023-06,1
C1212,2023-08,2023-06,2
C1212,2023-09,2023-06,3
C1212,2023-10,2023-06,4
C1212,2023-11,2023-06,5
C1212,2023-12,2023-06,6
C1212,2024-01,2023-06,7
C1212,2024-02,2023-06,8
C1212,2024-03,2023-06,9
C1212,2024-04,2023-06,10
C1212,2024-05,2023-06,11
C1212,2024-06,2023-06,12
C1212,2024-07,2023-06,13
C1212,2024-08,2023-06,14
C1212,2024-09,2023-06,15
C1212,2024-10,2023-06,16
C1212,2024-11,2023-06,17
C1212,2024-12,2023-06,18
C1213,2024-11,2024-11,0
C1213,2024-12,2024-11,1
C1214,2024-11,2024-11,0
C1214,2024-12,2024-11,1
C1215,2024-08,2024-08,0
C1215,2024-09,2024-08,1
C1215,2024-10,2024-08,2
C1215,2024-11,2024-08,3
C1215,2024-12,2024-08,4
C1216,2023-08,2023-08,0
C1216,2023-09,2023-08,1
C1216,2023-10,2023-08,2
C1216,2023-11,2023-08,3
C1216,2023-12,2023-08,4
C1216,2024-01,2023-08,5
C1216,2024-02,2023-08,6
C1216,2024-03,2023-08,7
C1216,2024-04,2023-08,8
C1216,2024-05,2023-08,9
C1216,2024-06,2023-08,10
C1216,2024-07,2023-08,11
C1216,2024-08,2023-08,12
C1216,2024-09,2023-08,13
C1216,2024-10,2023-08,14
C1216,2024-11,2023-08,15
C1216,2024-12,2023-08,16
C1217,2023-03,2023-03,0
C1217,2023-04,2023-03,1
C1217,2023-05,2023-03,2
C1217,2023-06,2023-03,3
C1217,2023-07,2023-03,4
C1217,2023-08,2023-03,5
C1217,2023-09,2023-03,6
C1217,2023-10,2023-03,7
C1217,2023-11,2023-03,8
C1217,2023-12,2023-03,9
C1217,2024-01,2023-03,10
C1217,2024-02,2023-03,11
C1219,2023-03,2023-03,0
C1219,2023-04,2023-03,1
C1219,2023-05,2023-03,2
C1219,2023-06,2023-03,3
C1219,2023-07,2023-03,4
C1219,2023-10,2023-03,7
C1219,2023-11,2023-03,8
C1219,2023-12,2023-03,9
C1219,2024-01,2023-03,10
C1219,2024-02,2023-03,11
C1219,2024-03,2023-03,12
C1219,2024-04,2023-03,13
C1219,2024-05,2023-03,14
C1219,2024-06,2023-03,15
C1219,2024-07,2023-03,16
C1219,2024-08,2023-03,17
C1219,2024-09,2023-03,18
C1219,2024-10,2023-03,19
C1219,2024-11,2023-03,20
C1219,2024-12,2023-03,21
C1220,2023-02,2023-02,0
C1220,2023-03,2023-02,1
C1220,2023-04,2023-02,2
C1220,2023-05,2023-02,3
C1220,2023-06,2023-02,4
C1220,2023-07,2023-02,5
C1220,2023-08,2023-02,6
C1220,2023-09,2023-02,7
C1220,2023-10,2023-02,8
C1220,2023-11,2023-02,9
C1220,2023-12,2023-02,10
C1220,2024-01,2023-02,11
C1220,2024-02,2023-02,12
C1220,2024-03,2023-02,13
C1220,2024-04,2023-02,14
C1220,2024-05,2023-02,15
C1220,2024-06,2023-02,16
C1220,2024-07,2023-02,17
C1220,2024-08,2023-02,18
C1220,2024-09,2023-02,19
C1220,2024-10,2023-02,20
C1220,2024-11,2023-02,21
C1220,2024-12,2023-02,22
C1221,2023-05,2023-05,0
C1221,2023-06,2023-05,1
C1221,2023-07,2023-05,2
C1221,2023-08,2023-05,3
C1221,2023-09,2023-05,4
C1221,2023-10,2023-05,5
C1221,2023-11,2023-05,6
C1221,2023-12,2023-05,7
C1221,2024-01,2023-05,8
C1221,2024-02,2023-05,9
C1221,2024-03,2023-05,10
C1221,2024-04,2023-05,11
C1221,2024-05,2023-05,12
C1221,2024-06,2023-05,13
C1221,2024-07,2023-05,14
C1221,2024-08,2023-05,15
C1222,2024-09,2024-09,0
C1222,2024-10,2024-09,1
C1222,2024-11,2024-09,2
C1222,2024-12,2024-09,3
C1223,2024-08,2024-08,0
C1223,2024-09,2024-08,1
C1223,2024-10,2024-08,2
C1223,2024-11,2024-08,3
C1223,2024-12,2024-08,4
C1224,2024-02,2024-02,0
C1224,2024-03,2024-02,1
C1224,2024-04,2024-02,2
C1224,2024-05,2024-02,3
C1224,2024-06,2024-02,4
C1224,2024-07,2024-02,5
C1224,2024-08,2024-02,6
C1224,2024-09,2024-02,7
C1224,2024-10,2024-02,8
C1224,2024-11,2024-02,9
C1224,2024-12,2024-02,10
C1225,2023-08,2023-08,0
C1225,2023-09,2023-08,1
C1225,2023-10,2023-08,2
C1225,2023-11,2023-08,3
C1225,2023-12,2023-08,4
C1225,2024-01,2023-08,5
C1225,2024-02,2023-08,6
C1225,2024-03,2023-08,7
C1225,2024-04,2023-08,8
C1225,2024-05,2023-08,9
C1225,2024-06,2023-08,10
C1225,2024-07,2023-08,11
C1225,2024-08,2023-08,12
C1225,2024-09,2023-08,13
C1225,2024-10,2023-08,14
C1225,2024-11,2023-08,15
C1225,2024-12,2023-08,16
C1226,2023-05,2023-05,0
C1226,2023-06,2023-05,1
C1226,2023-07,2023-05,2
C1226,2023-08,2023-05,3
C1226,2023-09,2023-05,4
C1226,2023-10,2023-05,5
C1226,2023-11,2023-05,6
C1226,2023-12,2023-05,7
C1226,2024-01,2023-05,8
C1226,2024-02,2023-05,9
C1226,2024-03,2023-05,10
C1226,2024-04,2023-05,11
C1226,2024-05,2023-05,12
C1226,2024-06,2023-05,13
C1226,2024-07,2023-05,14
C1226,2024-08,2023-05,15
C1226,2024-09,2023-05,16
C1226,2024-10,2023-05,17
C1226,2024-11,2023-05,18
C1226,2024-12,2023-05,19
C1227,2024-04,2024-04,0
C1227,2024-05,2024-04,1
C1227,2024-06,2024-04,2
C1227,2024-07,2024-04,3
C1227,2024-08,2024-04,4
C1228,2023-12,2023-12,0
C1228,2024-01,2023-12,1
C1228,2024-02,2023-12,2
C1228,2024-03,2023-12,3
C1228,2024-04,2023-12,4
C1228,2024-05,2023-12,5
C1228,2024-06,2023-12,6
C1228,2024-07,2023-12,7
C1228,2024-08,2023-12,8
C1228,2024-09,2023-12,9
C1228,2024-10,2023-12,10
C1229,2024-02,2024-02,0
C1229,2024-03,2024-02,1
C1229,2024-04,2024-02,2
C1229,2024-05,2024-02,3
C1229,2024-06,2024-02,4
C1229,2024-07,2024-02,5
C1229,2024-08,2024-02,6
C1229,2024-09,2024-02,7
C1229,2024-10,2024-02,8
C1229,2024-11,2024-02,9
C1229,2024-12,2024-02,10
C1230,2023-07,2023-07,0
C1230,2023-08,2023-07,1
C1230,2023-09,2023-07,2
C1230,2023-10,2023-07,3
C1230,2023-11,2023-07,4
C1230,2023-12,2023-07,5
C1230,2024-01,2023-07,6
C1230,2024-02,2023-07,7
C1230,2024-03,2023-07,8
C1230,2024-04,2023-07,9
C1230,2024-05,2023-07,10
C1230,2024-06,2023-07,11
C1230,2024-07,2023-07,12
C1230,2024-08,2023-07,13
C1230,2024-09,2023-07,14
C1230,2024-10,2023-07,15
C1230,2024-11,2023-07,16
C1231,2023-12,2023-12,0
C1231,2024-01,2023-12,1
C1231,2024-02,2023-12,2
C1231,2024-03,2023-12,3
C1231,2024-04,2023-12,4
C1231,2024-05,2023-12,5
C1231,2024-06,2023-12,6
C1231,2024-07,2023-12,7
C1231,2024-08,2023-12,8
C1231,2024-09,2023-12,9
C1231,2024-10,2023-12,10
C1231,2024-11,2023-12,11
C1231,2024-12,2023-12,12
C1232,2024-10,2024-10,0
C1232,2024-11,2024-10,1
C1232,2024-12,2024-10,2
C1233,2024-08,2024-08,0
C1233,2024-09,2024-08,1
C1233,2024-10,2024-08,2
C1233,2024-11,2024-08,3
C1233,2024-12,2024-08,4
C1234,2023-05,2023-05,0
C1234,2023-06,2023-05,1
C1234,2023-07,2023-05,2
C1234,2023-08,2023-05,3
C1234,2023-09,2023-05,4
C1234,2023-10,2023-05,5
C1234,2023-11,2023-05,6
C1234,2023-12,2023-05,7
C1234,2024-01,2023-05,8
C1234,2024-02,2023-05,9
C1234,2024-03,2023-05,10
C1234,2024-04,2023-05,11
C1234,2024-05,2023-05,12
C1234,2024-06,2023-05,13
C1234,2024-07,2023-05,14
C1234,2024-08,2023-05,15
C1234,2024-09,2023-05,16
C1234,2024-10,2023-05,17
C1234,2024-11,2023-05,18
C1234,2024-12,2023-05,19
C1235,2024-06,2024-06,0
C1235,2024-07,2024-06,1
C1235,2024-08,2024-06,2
C1235,2024-09,2024-06,3
C1235,2024-10,2024-06,4
C1235,2024-11,2024-06,5
C1235,2024-12,2024-06,6
C1236,2023-03,2023-03,0
C1236,2023-04,2023-03,1
C1236,2023-05,2023-03,2
C1236,2023-06,2023-03,3
C1236,2023-07,2023-03,4
C1237,2024-07,2024-07,0
C1237,2024-08,2024-07,1
C1237,2024-09,2024-07,2
C1237,2024-10,2024-07,3
C1237,2024-11,2024-07,4
C1237,2024-12,2024-07,5
C1238,2023-05,2023-05,0
C1238,2023-06,2023-05,1
C1238,2023-07,2023-05,2
C1238,2023-08,2023-05,3
C1238,2023-09,2023-05,4
C1238,2023-10,2023-05,5
C1238,2023-11,2023-05,6
C1238,2023-12,2023-05,7
C1238,2024-01,2023-05,8
C1238,2024-02,2023-05,9
C1238,2024-03,2023-05,10
C1238,2024-04,2023-05,11
C1238,2024-05,2023-05,12
C1238,2024-06,2023-05,13
C1238,2024-07,2023-05,14
C1238,2024-08,2023-05,15
C1238,2024-09,2023-05,16
C1238,2024-10,2023-05,17
C1238,2024-11,2023-05,18
C1238,2024-12,2023-05,19
C1239,2023-05,2023-05,0
C1239,2023-06,2023-05,1
C1239,2023-07,2023-05,2
C1239,2023-08,2023-05,3
C1241,2023-07,2023-07,0
C1241,2023-08,2023-07,1
C1241,2023-09,2023-07,2
C1241,2023-10,2023-07,3
C1241,2023-11,2023-07,4
C1241,2023-12,2023-07,5
C1241,2024-01,2023-07,6
C1241,2024-02,2023-07,7
C1241,2024-03,2023-07,8
C1241,2024-04,2023-07,9
C1241,2024-05,2023-07,10
C1241,2024-06,2023-07,11
C1241,2024-07,2023-07,12
C1241,2024-08,2023-07,13
C1241,2024-09,2023-07,14
C1241,2024-10,2023-07,15
C1241,2024-11,2023-07,16
C1242,2024-11,2024-11,0
C1242,2024-12,2024-11,1
C1243,2023-12,2023-12,0
C1243,2024-01,2023-12,1
C1243,2024-02,2023-12,2
C1243,2024-03,2023-12,3
C1243,2024-04,2023-12,4
C1243,2024-05,2023-12,5
C1243,2024-06,2023-12,6
C1243,2024-07,2023-12,7
C1243,2024-08,2023-12,8
C1243,2024-09,2023-12,9
C1243,2024-10,2023-12,10
C1243,2024-11,2023-12,11
C1243,2024-12,2023-12,12
C1244,2024-11,2024-11,0
C1244,2024-12,2024-11,1
C1245,2024-12,2024-12,0
C1246,2024-02,2024-02,0
C1246,2024-03,2024-02,1
C1246,2024-04,2024-02,2
C1246,2024-05,2024-02,3
C1246,2024-06,2024-02,4
C1246,2024-07,2024-02,5
C1246,2024-08,2024-02,6
C1246,2024-09,2024-02,7
C1246,2024-10,2024-02,8
C1246,2024-11,2024-02,9
C1246,2024-12,2024-02,10
C1247,2024-08,2024-08,0
C1247,2024-09,2024-08,1
C1247,2024-10,2024-08,2
C1247,2024-11,2024-08,3
C1247,2024-12,2024-08,4
C1248,2024-04,2024-04,0
C1248,2024-05,2024-04,1
C1248,2024-06,2024-04,2
C1248,2024-07,2024-04,3
C1248,2024-08,2024-04,4
C1248,2024-09,2024-04,5
C1248,2024-10,2024-04,6
C1248,2024-11,2024-04,7
C1248,2024-12,2024-04,8
C1249,2023-04,2023-04,0
C1249,2023-05,2023-04,1
C1249,2023-06,2023-04,2
C1249,2023-07,2023-04,3
C1249,2023-08,2023-04,4
C1249,2023-09,2023-04,5
C1249,2023-10,2023-04,6
C1249,2023-11,2023-04,7
C1249,2023-12,2023-04,8
C1249,2024-01,2023-04,9
C1249,2024-02,2023-04,10
C1249,2024-03,2023-04,11
C1249,2024-04,2023-04,12
C1249,2024-05,2023-04,13
C1249,2024-06,2023-04,14
C1249,2024-07,2023-04,15
C1249,2024-08,2023-04,16
C1249,2024-09,2023-04,17
C1249,2024-10,2023-04,18
C1249,2024-11,2023-04,19
C1249,2024-12,2023-04,20
C1250,2024-01,2024-01,0
C1250,2024-02,2024-01,1
C1250,2024-03,2024-01,2
C1250,2024-04,2024-01,3
C1250,2024-05,2024-01,4
C1250,2024-06,2024-01,5
C1250,2024-07,2024-01,6
C1250,2024-08,2024-01,7
C1250,2024-09,2024-01,8
C1250,2024-10,2024-01,9
C1250,2024-11,2024-01,10
C1250,2024-12,2024-01,11
C1251,2023-03,2023-03,0
C1251,2023-04,2023-03,1
C1251,2023-05,2023-03,2
C1251,2023-06,2023-03,3
C1251,2023-07,2023-03,4
C1251,2023-08,2023-03,5
C1251,2023-09,2023-03,6
C1251,2023-10,2023-03,7
C1251,2023-11,2023-03,8
C1251,2023-12,2023-03,9
C1251,2024-01,2023-03,10
C1251,2024-02,2023-03,11
C1251,2024-03,2023-03,12
C1251,2024-04,2023-03,13
C1251,2024-05,2023-03,14
C1251,2024-06,2023-03,15
C1251,2024-07,2023-03,16
C1251,2024-08,2023-03,17
C1251,2024-09,2023-03,18
C1251,2024-10,2023-03,19
C1251,2024-11,2023-03,20
C1251,2024-12,2023-03,21
C1252,2023-07,2023-07,0
C1252,2023-08,2023-07,1
C1252,2023-09,2023-07,2
C1252,2023-10,2023-07,3
C1252,2023-11,2023-07,4
C1252,2023-12,2023-07,5
C1252,2024-01,2023-07,6
C1252,2024-02,2023-07,7
C1252,2024-03,2023-07,8
C1252,2024-04,2023-07,9
C1252,2024-05,2023-07,10
C1252,2024-06,2023-07,11
C1252,2024-07,2023-07,12
C1252,2024-08,2023-07,13
C1252,2024-09,2023-07,14
C1252,2024-10,2023-07,15
C1252,2024-11,2023-07,16
C1252,2024-12,2023-07,17
C1253,2024-06,2024-06,0
C1253,2024-07,2024-06,1
C1253,2024-08,2024-06,2
C1253,2024-09,2024-06,3
C1253,2024-10,2024-06,4
C1253,2024-11,2024-06,5
C1253,2024-12,2024-06,6
C1254,2023-04,2023-04,0
C1254,2023-05,2023-04,1
C1254,2023-06,2023-04,2
C1254,2023-07,2023-04,3
C1254,2023-08,2023-04,4
C1254,2023-09,2023-04,5
C1254,2023-10,2023-04,6
C1254,2023-11,2023-04,7
C1254,2023-12,2023-04,8
C1254,2024-01,2023-04,9
C1254,2024-02,2023-04,10
C1254,2024-03,2023-04,11
C1254,2024-04,2023-04,12
C1254,2024-05,2023-04,13
C1254,2024-06,2023-04,14
C1254,2024-07,2023-04,15
C1254,2024-08,2023-04,16
C1254,2024-09,2023-04,17
C1254,2024-10,2023-04,18
C1254,2024-11,2023-04,19
C1254,2024-12,2023-04,20
C1255,2024-10,2024-10,0
C1255,2024-11,2024-10,1
C1255,2024-12,2024-10,2
C1256,2024-03,2024-03,0
C1256,2024-04,2024-03,1
C1256,2024-05,2024-03,2
C1256,2024-06,2024-03,3
C1256,2024-07,2024-03,4
C1256,2024-08,2024-03,5
C1256,2024-09,2024-03,6
C1256,2024-10,2024-03,7
C1256,2024-11,2024-03,8
C1256,2024-12,2024-03,9
C1257,2023-11,2023-11,0
C1257,2023-12,2023-11,1
C1257,2024-01,2023-11,2
C1257,2024-02,2023-11,3
C1258,2024-02,2024-02,0
C1258,2024-03,2024-02,1
C1258,2024-04,2024-02,2
C1258,2024-05,2024-02,3
C1258,2024-06,2024-02,4
C1259,2024-10,2024-10,0
C1259,2024-11,2024-10,1
C1259,2024-12,2024-10,2
C1260,2023-06,2023-06,0
C1260,2023-07,2023-06,1
C1260,2023-08,2023-06,2
C1260,2023-09,2023-06,3
C1260,2023-10,2023-06,4
C1260,2023-11,2023-06,5
C1260,2023-12,2023-06,6
C1260,2024-01,2023-06,7
C1260,2024-02,2023-06,8
C1260,2024-03,2023-06,9
C1260,2024-04,2023-06,10
C1260,2024-05,2023-06,11
C1260,2024-06,2023-06,12
C1260,2024-07,2023-06,13
C1260,2024-08,2023-06,14
C1260,2024-09,2023-06,15
C1260,2024-10,2023-06,16
C1260,2024-11,2023-06,17
C1260,2024-12,2023-06,18
C1261,2024-03,2024-03,0
C1261,2024-04,2024-03,1
C1261,2024-05,2024-03,2
C1261,2024-06,2024-03,3
C1262,2024-04,2024-04,0
C1262,2024-05,2024-04,1
C1262,2024-06,2024-04,2
C1262,2024-07,2024-04,3
C1262,2024-08,2024-04,4
C1262,2024-09,2024-04,5
C1262,2024-10,2024-04,6
C1262,2024-11,2024-04,7
C1262,2024-12,2024-04,8
C1264,2024-07,2024-07,0
C1264,2024-08,2024-07,1
C1264,2024-09,2024-07,2
C1264,2024-10,2024-07,3
C1264,2024-11,2024-07,4
C1264,2024-12,2024-07,5
C1265,2023-10,2023-10,0
C1265,2023-11,2023-10,1
C1265,2023-12,2023-10,2
C1265,2024-01,2023-10,3
C1265,2024-02,2023-10,4
C1265,2024-03,2023-10,5
C1265,2024-04,2023-10,6
C1265,2024-05,2023-10,7
C1265,2024-06,2023-10,8
C1265,2024-07,2023-10,9
C1265,2024-08,2023-10,10
C1265,2024-09,2023-10,11
C1265,2024-10,2023-10,12
C1265,2024-11,2023-10,13
C1265,2024-12,2023-10,14
C1266,2023-07,2023-07,0
C1266,2023-08,2023-07,1
C1266,2023-09,2023-07,2
C1266,2023-10,2023-07,3
C1266,2023-11,2023-07,4
C1266,2023-12,2023-07,5
C1266,2024-01,2023-07,6
C1266,2024-02,2023-07,7
C1266,2024-03,2023-07,8
C1266,2024-04,2023-07,9
C1266,2024-05,2023-07,10
C1266,2024-06,2023-07,11
C1266,2024-07,2023-07,12
C1266,2024-08,2023-07,13
C1266,2024-09,2023-07,14
C1266,2024-10,2023-07,15
C1266,2024-11,2023-07,16
C1266,2024-12,2023-07,17
C1267,2023-11,2023-11,0
C1267,2023-12,2023-11,1
C1267,2024-01,2023-11,2
C1267,2024-02,2023-11,3
C1267,2024-03,2023-11,4
C1267,2024-04,2023-11,5
C1268,2023-08,2023-08,0
C1268,2023-09,2023-08,1
C1268,2023-10,2023-08,2
C1268,2023-11,2023-08,3
C1268,2023-12,2023-08,4
C1268,2024-01,2023-08,5
C1268,2024-02,2023-08,6
C1268,2024-03,2023-08,7
C1268,2024-04,2023-08,8
C1268,2024-05,2023-08,9
C1268,2024-06,2023-08,10
C1268,2024-07,2023-08,11
C1268,2024-08,2023-08,12
C1268,2024-09,2023-08,13
C1268,2024-10,2023-08,14
C1268,2024-11,2023-08,15
C1268,2024-12,2023-08,16
C1269,2024-01,2024-01,0
C1269,2024-02,2024-01,1
C1269,2024-03,2024-01,2
C1269,2024-04,2024-01,3
C1269,2024-05,2024-01,4
C1269,2024-06,2024-01,5
C1269,2024-07,2024-01,6
C1269,2024-08,2024-01,7
C1269,2024-09,2024-01,8
C1269,2024-10,2024-01,9
C1269,2024-11,2024-01,10
C1269,2024-12,2024-01,11
C1270,2024-06,2024-06,0
C1270,2024-07,2024-06,1
C1270,2024-08,2024-06,2
C1270,2024-09,2024-06,3
C1270,2024-10,2024-06,4
C1270,2024-11,2024-06,5
C1270,2024-12,2024-06,6
C1271,2024-12,2024-12,0
C1272,2024-04,2024-04,0
C1272,2024-05,2024-04,1
C1272,2024-06,2024-04,2
C1272,2024-07,2024-04,3
C1272,2024-08,2024-04,4
C1272,2024-09,2024-04,5
C1272,2024-10,2024-04,6
C1272,2024-11,2024-04,7
C1272,2024-12,2024-04,8
C1273,2023-03,2023-03,0
C1273,2023-04,2023-03,1
C1273,2023-05,2023-03,2
C1273,2023-06,2023-03,3
C1273,2023-07,2023-03,4
C1273,2023-08,2023-03,5
C1273,2023-09,2023-03,6
C1273,2023-10,2023-03,7
C1273,2023-11,2023-03,8
C1273,2023-12,2023-03,9
C1273,2024-01,2023-03,10
C1273,2024-02,2023-03,11
C1273,2024-03,2023-03,12
C1273,2024-04,2023-03,13
C1273,2024-05,2023-03,14
C1273,2024-06,2023-03,15
C1273,2024-07,2023-03,16
C1273,2024-08,2023-03,17
C1273,2024-09,2023-03,18
C1273,2024-10,2023-03,19
C1273,2024-11,2023-03,20
C1273,2024-12,2023-03,21
C1274,2024-10,2024-10,0
C1274,2024-11,2024-10,1
C1274,2024-12,2024-10,2
C1275,2023-09,2023-09,0
C1275,2023-10,2023-09,1
C1275,2023-11,2023-09,2
C1275,2023-12,2023-09,3
C1275,2024-01,2023-09,4
C1275,2024-02,2023-09,5
C1275,2024-03,2023-09,6
C1275,2024-04,2023-09,7
C1275,2024-05,2023-09,8
C1275,2024-06,2023-09,9
C1275,2024-07,2023-09,10
C1275,2024-08,2023-09,11
C1275,2024-09,2023-09,12
C1276,2024-06,2024-06,0
C1276,2024-07,2024-06,1
C1276,2024-08,2024-06,2
C1276,2024-09,2024-06,3
C1276,2024-10,2024-06,4
C1277,2023-01,2023-01,0
C1277,2023-02,2023-01,1
C1277,2023-03,2023-01,2
C1277,2023-04,2023-01,3
C1277,2023-05,2023-01,4
C1277,2023-06,2023-01,5
C1277,2023-07,2023-01,6
C1277,2023-08,2023-01,7
C1277,2023-09,2023-01,8
C1277,2023-10,2023-01,9
C1277,2023-11,2023-01,10
C1277,2023-12,2023-01,11
C1277,2024-01,2023-01,12
C1277,2024-02,2023-01,13
C1277,2024-03,2023-01,14
C1277,2024-04,2023-01,15
C1277,2024-05,2023-01,16
C1277,2024-06,2023-01,17
C1277,2024-07,2023-01,18
C1278,2024-02,2024-02,0
C1278,2024-03,2024-02,1
C1278,2024-04,2024-02,2
C1278,2024-05,2024-02,3
C1278,2024-06,2024-02,4
C1278,2024-07,2024-02,5
C1278,2024-08,2024-02,6
C1278,2024-09,2024-02,7
C1278,2024-10,2024-02,8
C1278,2024-11,2024-02,9
C1278,2024-12,2024-02,10
C1279,2024-06,2024-06,0
C1279,2024-07,2024-06,1
C1279,2024-08,2024-06,2
C1279,2024-09,2024-06,3
C1279,2024-10,2024-06,4
C1279,2024-11,2024-06,5
C1279,2024-12,2024-06,6
C1280,2024-04,2024-04,0
C1280,2024-05,2024-04,1
C1280,2024-06,2024-04,2
C1280,2024-07,2024-04,3
C1280,2024-08,2024-04,4
C1280,2024-09,2024-04,5
C1280,2024-10,2024-04,6
C1280,2024-11,2024-04,7
C1280,2024-12,2024-04,8
C1281,2024-05,2024-05,0
C1281,2024-06,2024-05,1
C1281,2024-07,2024-05,2
C1281,2024-08,2024-05,3
C1281,2024-09,2024-05,4
C1281,2024-10,2024-05,5
C1281,2024-11,2024-05,6
C1281,2024-12,2024-05,7
C1282,2024-12,2024-12,0
C1283,2023-04,2023-04,0
C1283,2023-05,2023-04,1
C1283,2023-06,2023-04,2
C1283,2023-07,2023-04,3
C1283,2023-08,2023-04,4
C1283,2023-09,2023-04,5
C1283,2023-10,2023-04,6
C1283,2023-11,2023-04,7
C1283,2023-12,2023-04,8
C1283,2024-01,2023-04,9
C1283,2024-02,2023-04,10
C1283,2024-03,2023-04,11
C1283,2024-04,2023-04,12
C1283,2024-05,2023-04,13
C1283,2024-06,2023-04,14
C1283,2024-07,2023-04,15
C1283,2024-08,2023-04,16
C1283,2024-09,2023-04,17
C1283,2024-10,2023-04,18
C1283,2024-11,2023-04,19
C1283,2024-12,2023-04,20
C1284,2024-12,2024-12,0
C1285,2023-05,2023-05,0
C1285,2023-06,2023-05,1
C1285,2023-07,2023-05,2
C1285,2023-08,2023-05,3
C1285,2023-09,2023-05,4
C1285,2023-10,2023-05,5
C1285,2023-11,2023-05,6
C1285,2023-12,2023-05,7
C1285,2024-01,2023-05,8
C1285,2024-02,2023-05,9
C1285,2024-03,2023-05,10
C1285,2024-04,2023-05,11
C1285,2024-05,2023-05,12
C1285,2024-06,2023-05,13
C1285,2024-07,2023-05,14
C1285,2024-08,2023-05,15
C1285,2024-09,2023-05,16
C1285,2024-10,2023-05,17
C1285,2024-11,2023-05,18
C1285,2024-12,2023-05,19
C1286,2023-10,2023-10,0
C1286,2023-11,2023-10,1
C1286,2023-12,2023-10,2
C1286,2024-01,2023-10,3
C1286,2024-02,2023-10,4
C1286,2024-03,2023-10,5
C1286,2024-04,2023-10,6
C1286,2024-05,2023-10,7
C1286,2024-06,2023-10,8
C1286,2024-07,2023-10,9
C1286,2024-08,2023-10,10
C1286,2024-09,2023-10,11
C1286,2024-10,2023-10,12
C1286,2024-11,2023-10,13
C1286,2024-12,2023-10,14
C1287,2023-09,2023-09,0
C1287,2023-10,2023-09,1
C1287,2023-11,2023-09,2
C1287,2023-12,2023-09,3
C1287,2024-01,2023-09,4
C1287,2024-02,2023-09,5
C1287,2024-03,2023-09,6
C1287,2024-04,2023-09,7
C1287,2024-05,2023-09,8
C1287,2024-06,2023-09,9
C1287,2024-07,2023-09,10
C1287,2024-08,2023-09,11
C1287,2024-09,2023-09,12
C1287,2024-10,2023-09,13
C1287,2024-11,2023-09,14
C1288,2024-09,2024-09,0
C1288,2024-10,2024-09,1
C1288,2024-11,2024-09,2
C1288,2024-12,2024-09,3
C1289,2023-02,2023-02,0
C1289,2023-03,2023-02,1
C1289,2023-04,2023-02,2
C1289,2023-05,2023-02,3
C1289,2023-06,2023-02,4
C1289,2023-07,2023-02,5
C1289,2023-08,2023-02,6
C1289,2023-09,2023-02,7
C1289,2023-10,2023-02,8
C1289,2023-11,2023-02,9
C1289,2023-12,2023-02,10
C1289,2024-01,2023-02,11
C1289,2024-02,2023-02,12
C1289,2024-03,2023-02,13
C1289,2024-04,2023-02,14
C1289,2024-05,2023-02,15
C1289,2024-06,2023-02,16
C1289,2024-07,2023-02,17
C1289,2024-08,2023-02,18
C1289,2024-09,2023-02,19
C1289,2024-10,2023-02,20
C1289,2024-11,2023-02,21
C1289,2024-12,2023-02,22
C1290,2023-05,2023-05,0
C1290,2023-06,2023-05,1
C1290,2023-07,2023-05,2
C1290,2023-08,2023-05,3
C1290,2023-09,2023-05,4
C1290,2023-10,2023-05,5
C1290,2023-11,2023-05,6
C1290,2023-12,2023-05,7
C1290,2024-01,2023-05,8
C1290,2024-02,2023-05,9
C1290,2024-03,2023-05,10
C1290,2024-04,2023-05,11
C1290,2024-05,2023-05,12
C1290,2024-06,2023-05,13
C1290,2024-07,2023-05,14
C1290,2024-08,2023-05,15
C1290,2024-09,2023-05,16
C1290,2024-10,2023-05,17
C1290,2024-11,2023-05,18
C1290,2024-12,2023-05,19
C1291,2024-11,2024-11,0
C1291,2024-12,2024-11,1
C1292,2024-06,2024-06,0
C1292,2024-07,2024-06,1
C1292,2024-08,2024-06,2
C1292,2024-09,2024-06,3
C1292,2024-10,2024-06,4
C1292,2024-11,2024-06,5
C1292,2024-12,2024-06,6
C1293,2024-06,2024-06,0
C1293,2024-07,2024-06,1
C1293,2024-08,2024-06,2
C1293,2024-09,2024-06,3
C1293,2024-10,2024-06,4
C1293,2024-11,2024-06,5
C1293,2024-12,2024-06,6
C1294,2023-07,2023-07,0
C1294,2023-08,2023-07,1
C1294,2023-09,2023-07,2
C1294,2023-10,2023-07,3
C1294,2023-11,2023-07,4
C1294,2023-12,2023-07,5
C1294,2024-01,2023-07,6
C1294,2024-02,2023-07,7
C1295,2024-05,2024-05,0
C1295,2024-06,2024-05,1
C1295,2024-07,2024-05,2
C1295,2024-08,2024-05,3
C1295,2024-09,2024-05,4
C1295,2024-10,2024-05,5
C1295,2024-11,2024-05,6
C1295,2024-12,2024-05,7
C1296,2023-02,2023-02,0
C1296,2023-03,2023-02,1
C1296,2023-04,2023-02,2
C1296,2023-05,2023-02,3
C1296,2023-06,2023-02,4
C1296,2023-07,2023-02,5
C1296,2023-08,2023-02,6
C1296,2023-09,2023-02,7
C1296,2023-10,2023-02,8
C1296,2023-11,2023-02,9
C1296,2023-12,2023-02,10
C1296,2024-01,2023-02,11
C1296,2024-02,2023-02,12
C1296,2024-03,2023-02,13
C1296,2024-04,2023-02,14
C1296,2024-05,2023-02,15
C1296,2024-06,2023-02,16
C1296,2024-07,2023-02,17
C1296,2024-08,2023-02,18
C1296,2024-09,2023-02,19
C1296,2024-10,2023-02,20
C1296,2024-11,2023-02,21
C1296,2024-12,2023-02,22
C1297,2023-09,2023-09,0
C1297,2023-10,2023-09,1
C1297,2023-11,2023-09,2
C1297,2023-12,2023-09,3
C1297,2024-01,2023-09,4
C1297,2024-02,2023-09,5
C1297,2024-03,2023-09,6
C1297,2024-04,2023-09,7
C1297,2024-05,2023-09,8
C1297,2024-06,2023-09,9
C1297,2024-07,2023-09,10
C1297,2024-08,2023-09,11
C1297,2024-09,2023-09,12
C1297,2024-10,2023-09,13
C1297,2024-11,2023-09,14
C1297,2024-12,2023-09,15
C1298,2023-04,2023-04,0
C1298,2023-05,2023-04,1
C1298,2023-06,2023-04,2
C1298,2023-07,2023-04,3
C1298,2023-08,2023-04,4
C1298,2023-09,2023-04,5
C1298,2023-10,2023-04,6
C1298,2023-11,2023-04,7
C1298,2023-12,2023-04,8
C1298,2024-01,2023-04,9
C1298,2024-02,2023-04,10
C1298,2024-03,2023-04,11
C1298,2024-04,2023-04,12
C1298,2024-05,2023-04,13
C1298,2024-06,2023-04,14
C1298,2024-07,2023-04,15
C1298,2024-08,2023-04,16
C1298,2024-09,2023-04,17
C1298,2024-10,2023-04,18
C1298,2024-11,2023-04,19
C1298,2024-12,2023-04,20
C1299,2023-08,2023-08,0
C1299,2023-09,2023-08,1
C1299,2023-10,2023-08,2
C1299,2023-11,2023-08,3
C1299,2023-12,2023-08,4
C1299,2024-01,2023-08,5
C1299,2024-02,2023-08,6
C1299,2024-03,2023-08,7
C1299,2024-04,2023-08,8
C1299,2024-05,2023-08,9
C1299,2024-06,2023-08,10
C1299,2024-07,2023-08,11
C1299,2024-08,2023-08,12
C1299,2024-09,2023-08,13
C1299,2024-10,2023-08,14
C1299,2024-11,2023-08,15
C1299,2024-12,2023-08,16
C1300,2023-06,2023-06,0
C1300,2023-07,2023-06,1
C1300,2023-08,2023-06,2
C1300,2023-09,2023-06,3
C1300,2023-10,2023-06,4
C1300,2023-11,2023-06,5
C1300,2023-12,2023-06,6
C1300,2024-01,2023-06,7
C1300,2024-02,2023-06,8
C1300,2024-03,2023-06,9
C1300,2024-04,2023-06,10
C1300,2024-05,2023-06,11
C1300,2024-06,2023-06,12
C1300,2024-07,2023-06,13
C1300,2024-08,2023-06,14
C1300,2024-09,2023-06,15
C1300,2024-10,2023-06,16
C1300,2024-11,2023-06,17
C1300,2024-12,2023-06,18
C1301,2023-02,2023-02,0
C1301,2023-03,2023-02,1
C1301,2023-04,2023-02,2
C1301,2023-05,2023-02,3
C1301,2023-06,2023-02,4
C1302,2024-05,2024-05,0
C1302,2024-06,2024-05,1
C1302,2024-07,2024-05,2
C1302,2024-08,2024-05,3
C1302,2024-09,2024-05,4
C1302,2024-10,2024-05,5
C1302,2024-11,2024-05,6
C1302,2024-12,2024-05,7
C1303,2023-08,2023-08,0
C1303,2023-09,2023-08,1
C1303,2023-10,2023-08,2
C1303,2023-11,2023-08,3
C1303,2023-12,2023-08,4
C1303,2024-01,2023-08,5
C1303,2024-02,2023-08,6
C1303,2024-03,2023-08,7
C1303,2024-04,2023-08,8
C1303,2024-05,2023-08,9
C1303,2024-06,2023-08,10
C1303,2024-07,2023-08,11
C1303,2024-08,2023-08,12
C1303,2024-09,2023-08,13
C1303,2024-10,2023-08,14
C1303,2024-11,2023-08,15
C1303,2024-12,2023-08,16
C1304,2023-10,2023-10,0
C1304,2023-11,2023-10,1
C1304,2023-12,2023-10,2
C1304,2024-01,2023-10,3
C1304,2024-02,2023-10,4
C1304,2024-03,2023-10,5
C1304,2024-04,2023-10,6
C1304,2024-05,2023-10,7
C1304,2024-06,2023-10,8
C1304,2024-07,2023-10,9
C1304,2024-08,2023-10,10
C1304,2024-09,2023-10,11
C1304,2024-10,2023-10,12
C1304,2024-11,2023-10,13
C1304,2024-12,2023-10,14
C1305,2024-11,2024-11,0
C1305,2024-12,2024-11,1
C1306,2024-06,2024-06,0
C1306,2024-07,2024-06,1
C1306,2024-08,2024-06,2
C1306,2024-09,2024-06,3
C1306,2024-10,2024-06,4
C1306,2024-11,2024-06,5
C1306,2024-12,2024-06,6
C1307,2023-09,2023-09,0
C1307,2023-10,2023-09,1
C1307,2023-11,2023-09,2
C1307,2023-12,2023-09,3
C1307,2024-01,2023-09,4
C1307,2024-02,2023-09,5
C1307,2024-03,2023-09,6
C1307,2024-04,2023-09,7
C1307,2024-05,2023-09,8
C1307,2024-06,2023-09,9
C1307,2024-07,2023-09,10
C1307,2024-08,2023-09,11
C1307,2024-09,2023-09,12
C1307,2024-10,2023-09,13
C1307,2024-11,2023-09,14
C1307,2024-12,2023-09,15
C1308,2024-07,2024-07,0
C1308,2024-08,2024-07,1
C1308,2024-09,2024-07,2
C1308,2024-10,2024-07,3
C1308,2024-11,2024-07,4
C1308,2024-12,2024-07,5
C1309,2023-02,2023-02,0
C1309,2023-03,2023-02,1
C1309,2023-04,2023-02,2
C1309,2023-05,2023-02,3
C1309,2023-06,2023-02,4
C1309,2023-07,2023-02,5
C1309,2023-08,2023-02,6
C1309,2023-09,2023-02,7
C1309,2023-10,2023-02,8
C1309,2023-11,2023-02,9
C1309,2023-12,2023-02,10
C1309,2024-01,2023-02,11
C1309,2024-02,2023-02,12
C1309,2024-03,2023-02,13
C1309,2024-04,2023-02,14
C1309,2024-05,2023-02,15
C1309,2024-06,2023-02,16
C1309,2024-07,2023-02,17
C1309,2024-08,2023-02,18
C1309,2024-09,2023-02,19
C1309,2024-10,2023-02,20
C1309,2024-11,2023-02,21
C1309,2024-12,2023-02,22
C1310,2024-08,2024-08,0
C1310,2024-09,2024-08,1
C1310,2024-10,2024-08,2
C1310,2024-11,2024-08,3
C1310,2024-12,2024-08,4
C1311,2024-03,2024-03,0
C1311,2024-04,2024-03,1
C1311,2024-05,2024-03,2
C1311,2024-06,2024-03,3
C1312,2023-12,2023-12,0
C1312,2024-01,2023-12,1
C1312,2024-02,2023-12,2
C1312,2024-03,2023-12,3
C1312,2024-04,2023-12,4
C1312,2024-05,2023-12,5
C1312,2024-06,2023-12,6
C1312,2024-07,2023-12,7
C1312,2024-08,2023-12,8
C1312,2024-09,2023-12,9
C1312,2024-10,2023-12,10
C1312,2024-11,2023-12,11
C1312,2024-12,2023-12,12
C1313,2023-06,2023-06,0
C1313,2023-07,2023-06,1
C1313,2023-08,2023-06,2
C1313,2023-09,2023-06,3
C1313,2023-10,2023-06,4
C1313,2023-11,2023-06,5
C1313,2023-12,2023-06,6
C1313,2024-01,2023-06,7
C1313,2024-02,2023-06,8
C1313,2024-03,2023-06,9
C1313,2024-04,2023-06,10
C1313,2024-05,2023-06,11
C1313,2024-06,2023-06,12
C1313,2024-07,2023-06,13
C1313,2024-08,2023-06,14
C1313,2024-09,2023-06,15
C1313,2024-10,2023-06,16
C1313,2024-11,2023-06,17
C1313,2024-12,2023-06,18
C1314,2023-01,2023-01,0
C1314,2023-02,2023-01,1
C1314,2023-03,2023-01,2
C1314,2023-04,2023-01,3
C1314,2023-05,2023-01,4
C1314,2023-06,2023-01,5
C1314,2023-07,2023-01,6
C1314,2023-08,2023-01,7
C1314,2023-09,2023-01,8
C1314,2023-10,2023-01,9
C1314,2023-11,2023-01,10
C1314,2023-12,2023-01,11
C1314,2024-01,2023-01,12
C1314,2024-02,2023-01,13
C1314,2024-03,2023-01,14
C1314,2024-04,2023-01,15
C1314,2024-05,2023-01,16
C1314,2024-06,2023-01,17
C1314,2024-07,2023-01,18
C1314,2024-08,2023-01,19
C1314,2024-09,2023-01,20
C1314,2024-10,2023-01,21
C1314,2024-11,2023-01,22
C1314,2024-12,2023-01,23
C1315,2024-07,2024-07,0
C1315,2024-08,2024-07,1
C1315,2024-09,2024-07,2
C1315,2024-10,2024-07,3
C1315,2024-11,2024-07,4
C1315,2024-12,2024-07,5
C1316,2023-08,2023-08,0
C1316,2023-09,2023-08,1
C1316,2023-10,2023-08,2
C1316,2023-11,2023-08,3
C1316,2023-12,2023-08,4
C1316,2024-01,2023-08,5
C1316,2024-02,2023-08,6
C1316,2024-03,2023-08,7
C1316,2024-04,2023-08,8
C1316,2024-05,2023-08,9
C1316,2024-06,2023-08,10
C1316,2024-07,2023-08,11
C1316,2024-08,2023-08,12
C1316,2024-09,2023-08,13
C1316,2024-10,2023-08,14
C1316,2024-11,2023-08,15
C1316,2024-12,2023-08,16
C1317,2024-08,2024-08,0
C1317,2024-09,2024-08,1
C1317,2024-10,2024-08,2
C1317,2024-11,2024-08,3
C1317,2024-12,2024-08,4
C1318,2023-09,2023-09,0
C1318,2023-10,2023-09,1
C1318,2023-11,2023-09,2
C1318,2023-12,2023-09,3
C1318,2024-01,2023-09,4
C1318,2024-02,2023-09,5
C1318,2024-03,2023-09,6
C1318,2024-04,2023-09,7
C1318,2024-05,2023-09,8
C1318,2024-06,2023-09,9
C1318,2024-07,2023-09,10
C1318,2024-08,2023-09,11
C1318,2024-09,2023-09,12
C1318,2024-10,2023-09,13
C1318,2024-11,2023-09,14
C1318,2024-12,2023-09,15
C1319,2024-08,2024-08,0
C1319,2024-09,2024-08,1
C1319,2024-10,2024-08,2
C1319,2024-11,2024-08,3
C1319,2024-12,2024-08,4
C1320,2024-05,2024-05,0
C1320,2024-06,2024-05,1
C1320,2024-07,2024-05,2
C1320,2024-08,2024-05,3
C1320,2024-09,2024-05,4
C1320,2024-10,2024-05,5
C1320,2024-11,2024-05,6
C1320,2024-12,2024-05,7
C1321,2024-08,2024-08,0
C1321,2024-09,2024-08,1
C1321,2024-10,2024-08,2
C1321,2024-11,2024-08,3
C1321,2024-12,2024-08,4
C1322,2023-09,2023-09,0
C1322,2023-10,2023-09,1
C1322,2023-11,2023-09,2
C1322,2023-12,2023-09,3
C1322,2024-01,2023-09,4
C1322,2024-02,2023-09,5
C1322,2024-03,2023-09,6
C1322,2024-04,2023-09,7
C1322,2024-05,2023-09,8
C1322,2024-06,2023-09,9
C1322,2024-07,2023-09,10
C1322,2024-08,2023-09,11
C1322,2024-09,2023-09,12
C1322,2024-10,2023-09,13
C1322,2024-11,2023-09,14
C1322,2024-12,2023-09,15
C1323,2023-10,2023-10,0
C1323,2023-11,2023-10,1
C1323,2023-12,2023-10,2
C1323,2024-01,2023-10,3
C1323,2024-02,2023-10,4
C1323,2024-03,2023-10,5
C1323,2024-04,2023-10,6
C1323,2024-05,2023-10,7
C1323,2024-06,2023-10,8
C1323,2024-07,2023-10,9
C1323,2024-08,2023-10,10
C1323,2024-09,2023-10,11
C1323,2024-10,2023-10,12
C1323,2024-11,2023-10,13
C1323,2024-12,2023-10,14
C1324,2023-02,2023-02,0
C1324,2023-03,2023-02,1
C1324,2023-04,2023-02,2
C1324,2023-05,2023-02,3
C1324,2023-06,2023-02,4
C1324,2023-07,2023-02,5
C1324,2023-08,2023-02,6
C1324,2023-09,2023-02,7
C1324,2023-10,2023-02,8
C1324,2023-11,2023-02,9
C1324,2023-12,2023-02,10
C1324,2024-01,2023-02,11
C1324,2024-02,2023-02,12
C1324,2024-03,2023-02,13
C1324,2024-04,2023-02,14
C1324,2024-05,2023-02,15
C1324,2024-06,2023-02,16
C1324,2024-07,2023-02,17
C1324,2024-08,2023-02,18
C1324,2024-09,2023-02,19
C1324,2024-10,2023-02,20
C1324,2024-11,2023-02,21
C1324,2024-12,2023-02,22
C1325,2023-05,2023-05,0
C1325,2023-06,2023-05,1
C1325,2023-07,2023-05,2
C1325,2023-08,2023-05,3
C1325,2023-09,2023-05,4
C1325,2023-10,2023-05,5
C1325,2023-11,2023-05,6
C1325,2023-12,2023-05,7
C1325,2024-01,2023-05,8
C1325,2024-02,2023-05,9
C1325,2024-03,2023-05,10
C1325,2024-04,2023-05,11
C1325,2024-05,2023-05,12
C1325,2024-06,2023-05,13
C1325,2024-07,2023-05,14
C1325,2024-08,2023-05,15
C1325,2024-09,2023-05,16
C1325,2024-10,2023-05,17
C1325,2024-11,2023-05,18
C1325,2024-12,2023-05,19
C1326,2023-03,2023-03,0
C1326,2023-04,2023-03,1
C1326,2023-05,2023-03,2
C1326,2023-06,2023-03,3
C1326,2023-07,2023-03,4
C1326,2023-08,2023-03,5
C1326,2023-09,2023-03,6
C1326,2023-10,2023-03,7
C1326,2023-11,2023-03,8
C1326,2023-12,2023-03,9
C1326,2024-01,2023-03,10
C1326,2024-02,2023-03,11
C1326,2024-03,2023-03,12
C1326,2024-04,2023-03,13
C1326,2024-05,2023-03,14
C1326,2024-06,2023-03,15
C1326,2024-07,2023-03,16
C1326,2024-08,2023-03,17
C1326,2024-09,2023-03,18
C1326,2024-10,2023-03,19
C1326,2024-11,2023-03,20
C1326,2024-12,2023-03,21
C1327,2023-01,2023-01,0
C1327,2023-02,2023-01,1
C1327,2023-03,2023-01,2
C1327,2023-04,2023-01,3
C1327,2023-05,2023-01,4
C1327,2023-06,2023-01,5
C1327,2023-07,2023-01,6
C1327,2023-08,2023-01,7
C1327,2023-09,2023-01,8
C1327,2023-10,2023-01,9
C1327,2023-11,2023-01,10
C1327,2023-12,2023-01,11
C1327,2024-01,2023-01,12
C1327,2024-02,2023-01,13
C1327,2024-03,2023-01,14
C1327,2024-04,2023-01,15
C1327,2024-05,2023-01,16
C1327,2024-06,2023-01,17
C1327,2024-07,2023-01,18
C1327,2024-08,2023-01,19
C1327,2024-09,2023-01,20
C1327,2024-10,2023-01,21
C1327,2024-11,2023-01,22
C1327,2024-12,2023-01,23
C1328,2023-05,2023-05,0
C1328,2023-06,2023-05,1
C1328,2023-07,2023-05,2
C1328,2023-08,2023-05,3
C1328,2023-09,2023-05,4
C1328,2023-10,2023-05,5
C1328,2023-11,2023-05,6
C1328,2023-12,2023-05,7
C1328,2024-01,2023-05,8
C1328,2024-02,2023-05,9
C1328,2024-03,2023-05,10
C1328,2024-04,2023-05,11
C1329,2024-06,2024-06,0
C1329,2024-07,2024-06,1
C1329,2024-08,2024-06,2
C1329,2024-09,2024-06,3
C1329,2024-10,2024-06,4
C1329,2024-11,2024-06,5
C1329,2024-12,2024-06,6
C1330,2023-05,2023-05,0
C1330,2023-06,2023-05,1
C1330,2023-07,2023-05,2
C1330,2023-08,2023-05,3
C1330,2023-09,2023-05,4
C1330,2023-10,2023-05,5
C1330,2023-11,2023-05,6
C1330,2023-12,2023-05,7
C1330,2024-01,2023-05,8
C1330,2024-02,2023-05,9
C1330,2024-03,2023-05,10
C1330,2024-04,2023-05,11
C1330,2024-05,2023-05,12
C1330,2024-06,2023-05,13
C1330,2024-07,2023-05,14
C1330,2024-08,2023-05,15
C1330,2024-09,2023-05,16
C1330,2024-10,2023-05,17
C1330,2024-11,2023-05,18
C1330,2024-12,2023-05,19
C1331,2023-08,2023-08,0
C1331,2023-09,2023-08,1
C1331,2023-10,2023-08,2
C1331,2023-11,2023-08,3
C1331,2023-12,2023-08,4
C1331,2024-01,2023-08,5
C1331,2024-02,2023-08,6
C1331,2024-03,2023-08,7
C1331,2024-04,2023-08,8
C1331,2024-05,2023-08,9
C1331,2024-06,2023-08,10
C1331,2024-07,2023-08,11
C1331,2024-08,2023-08,12
C1331,2024-09,2023-08,13
C1331,2024-10,2023-08,14
C1331,2024-11,2023-08,15
C1331,2024-12,2023-08,16
C1332,2024-11,2024-11,0
C1332,2024-12,2024-11,1
C1333,2023-05,2023-05,0
C1333,2023-06,2023-05,1
C1333,2023-07,2023-05,2
C1333,2023-08,2023-05,3
C1333,2023-09,2023-05,4
C1333,2023-10,2023-05,5
C1333,2023-11,2023-05,6
C1333,2023-12,2023-05,7
C1333,2024-01,2023-05,8
C1333,2024-02,2023-05,9
C1333,2024-03,2023-05,10
C1333,2024-04,2023-05,11
C1333,2024-05,2023-05,12
C1333,2024-06,2023-05,13
C1335,2023-08,2023-08,0
C1335,2023-09,2023-08,1
C1335,2023-10,2023-08,2
C1335,2023-11,2023-08,3
C1335,2023-12,2023-08,4
C1335,2024-01,2023-08,5
C1335,2024-02,2023-08,6
C1335,2024-03,2023-08,7
C1335,2024-04,2023-08,8
C1335,2024-05,2023-08,9
C1335,2024-06,2023-08,10
C1335,2024-07,2023-08,11
C1335,2024-08,2023-08,12
C1335,2024-09,2023-08,13
C1335,2024-10,2023-08,14
C1335,2024-11,2023-08,15
C1335,2024-12,2023-08,16
C1336,2023-06,2023-06,0
C1336,2023-07,2023-06,1
C1336,2023-08,2023-06,2
C1336,2023-09,2023-06,3
C1336,2023-10,2023-06,4
C1336,2023-11,2023-06,5
C1336,2023-12,2023-06,6
C1336,2024-01,2023-06,7
C1336,2024-02,2023-06,8
C1336,2024-03,2023-06,9
C1336,2024-04,2023-06,10
C1336,2024-05,2023-06,11
C1336,2024-06,2023-06,12
C1336,2024-07,2023-06,13
C1336,2024-08,2023-06,14
C1336,2024-09,2023-06,15
C1336,2024-10,2023-06,16
C1336,2024-11,2023-06,17
C1336,2024-12,2023-06,18
C1337,2024-01,2024-01,0
C1337,2024-02,2024-01,1
C1337,2024-03,2024-01,2
C1337,2024-04,2024-01,3
C1337,2024-05,2024-01,4
C1337,2024-06,2024-01,5
C1337,2024-07,2024-01,6
C1337,2024-08,2024-01,7
C1337,2024-09,2024-01,8
C1337,2024-10,2024-01,9
C1337,2024-11,2024-01,10
C1337,2024-12,2024-01,11
C1338,2023-04,2023-04,0
C1338,2023-05,2023-04,1
C1338,2023-06,2023-04,2
C1338,2023-07,2023-04,3
C1338,2023-08,2023-04,4
C1338,2023-09,2023-04,5
C1338,2023-10,2023-04,6
C1338,2023-11,2023-04,7
C1338,2023-12,2023-04,8
C1338,2024-01,2023-04,9
C1338,2024-02,2023-04,10
C1338,2024-03,2023-04,11
C1338,2024-04,2023-04,12
C1338,2024-05,2023-04,13
C1338,2024-06,2023-04,14
C1338,2024-07,2023-04,15
C1338,2024-08,2023-04,16
C1338,2024-09,2023-04,17
C1338,2024-10,2023-04,18
C1338,2024-11,2023-04,19
C1338,2024-12,2023-04,20
C1339,2023-02,2023-02,0
C1339,2023-03,2023-02,1
C1339,2023-04,2023-02,2
C1339,2023-05,2023-02,3
C1339,2023-06,2023-02,4
C1339,2023-07,2023-02,5
C1339,2023-08,2023-02,6
C1339,2023-09,2023-02,7
C1339,2023-10,2023-02,8
C1339,2023-11,2023-02,9
C1339,2023-12,2023-02,10
C1339,2024-01,2023-02,11
C1339,2024-02,2023-02,12
C1339,2024-03,2023-02,13
C1339,2024-04,2023-02,14
C1339,2024-05,2023-02,15
C1339,2024-06,2023-02,16
C1339,2024-07,2023-02,17
C1339,2024-08,2023-02,18
C1339,2024-09,2023-02,19
C1339,2024-10,2023-02,20
C1339,2024-11,2023-02,21
C1339,2024-12,2023-02,22
C1340,2024-03,2024-03,0
C1340,2024-04,2024-03,1
C1340,2024-05,2024-03,2
C1340,2024-06,2024-03,3
C1340,2024-07,2024-03,4
C1340,2024-08,2024-03,5
C1340,2024-09,2024-03,6
C1340,2024-10,2024-03,7
C1340,2024-11,2024-03,8
C1340,2024-12,2024-03,9
C1341,2023-03,2023-03,0
C1341,2023-04,2023-03,1
C1341,2023-05,2023-03,2
C1341,2023-06,2023-03,3
C1341,2023-07,2023-03,4
C1341,2023-08,2023-03,5
C1341,2023-09,2023-03,6
C1341,2023-10,2023-03,7
C1341,2023-11,2023-03,8
C1341,2023-12,2023-03,9
C1341,2024-01,2023-03,10
C1341,2024-02,2023-03,11
C1341,2024-03,2023-03,12
C1341,2024-04,2023-03,13
C1341,2024-05,2023-03,14
C1341,2024-06,2023-03,15
C1341,2024-07,2023-03,16
C1341,2024-08,2023-03,17
C1341,2024-09,2023-03,18
C1341,2024-10,2023-03,19
C1341,2024-11,2023-03,20
C1341,2024-12,2023-03,21
C1342,2023-05,2023-05,0
C1342,2023-06,2023-05,1
C1342,2023-07,2023-05,2
C1342,2023-08,2023-05,3
C1342,2023-09,2023-05,4
C1342,2023-10,2023-05,5
C1342,2023-11,2023-05,6
C1342,2023-12,2023-05,7
C1342,2024-01,2023-05,8
C1342,2024-02,2023-05,9
C1342,2024-03,2023-05,10
C1342,2024-04,2023-05,11
C1342,2024-05,2023-05,12
C1342,2024-06,2023-05,13
C1342,2024-07,2023-05,14
C1342,2024-08,2023-05,15
C1342,2024-09,2023-05,16
C1342,2024-10,2023-05,17
C1342,2024-11,2023-05,18
C1342,2024-12,2023-05,19
C1343,2024-12,2024-12,0
C1344,2023-08,2023-08,0
C1344,2023-09,2023-08,1
C1344,2023-10,2023-08,2
C1344,2023-11,2023-08,3
C1344,2023-12,2023-08,4
C1344,2024-01,2023-08,5
C1344,2024-02,2023-08,6
C1344,2024-03,2023-08,7
C1344,2024-04,2023-08,8
C1344,2024-05,2023-08,9
C1344,2024-06,2023-08,10
C1344,2024-07,2023-08,11
C1344,2024-08,2023-08,12
C1344,2024-09,2023-08,13
C1344,2024-10,2023-08,14
C1344,2024-11,2023-08,15
C1344,2024-12,2023-08,16
C1345,2024-02,2024-02,0
C1345,2024-03,2024-02,1
C1345,2024-04,2024-02,2
C1345,2024-05,2024-02,3
C1345,2024-06,2024-02,4
C1345,2024-07,2024-02,5
C1345,2024-08,2024-02,6
C1345,2024-09,2024-02,7
C1345,2024-10,2024-02,8
C1345,2024-11,2024-02,9
C1345,2024-12,2024-02,10
C1346,2024-10,2024-10,0
C1346,2024-11,2024-10,1
C1346,2024-12,2024-10,2
C1347,2023-11,2023-11,0
C1347,2023-12,2023-11,1
C1347,2024-01,2023-11,2
C1347,2024-02,2023-11,3
C1347,2024-03,2023-11,4
C1347,2024-04,2023-11,5
C1347,2024-05,2023-11,6
C1347,2024-06,2023-11,7
C1347,2024-07,2023-11,8
C1347,2024-08,2023-11,9
C1347,2024-09,2023-11,10
C1347,2024-10,2023-11,11
C1347,2024-11,2023-11,12
C1347,2024-12,2023-11,13
C1348,2023-11,2023-11,0
C1348,2023-12,2023-11,1
C1348,2024-01,2023-11,2
C1348,2024-02,2023-11,3
C1348,2024-03,2023-11,4
C1348,2024-04,2023-11,5
C1348,2024-05,2023-11,6
C1348,2024-06,2023-11,7
C1348,2024-07,2023-11,8
C1348,2024-08,2023-11,9
C1348,2024-09,2023-11,10
C1348,2024-10,2023-11,11
C1348,2024-11,2023-11,12
C1348,2024-12,2023-11,13
C1349,2024-02,2024-02,0
C1349,2024-03,2024-02,1
C1349,2024-04,2024-02,2
C1349,2024-05,2024-02,3
C1349,2024-06,2024-02,4
C1349,2024-07,2024-02,5
C1349,2024-08,2024-02,6
C1349,2024-09,2024-02,7
C1349,2024-10,2024-02,8
C1349,2024-11,2024-02,9
C1349,2024-12,2024-02,10
C1350,2023-07,2023-07,0
C1350,2023-08,2023-07,1
C1350,2023-09,2023-07,2
C1350,2023-10,2023-07,3
C1350,2023-11,2023-07,4
C1350,2023-12,2023-07,5
C1350,2024-01,2023-07,6
C1350,2024-02,2023-07,7
C1350,2024-03,2023-07,8
C1350,2024-04,2023-07,9
C1350,2024-05,2023-07,10
C1350,2024-06,2023-07,11
C1350,2024-07,2023-07,12
C1350,2024-08,2023-07,13
C1350,2024-09,2023-07,14
C1350,2024-10,2023-07,15
C1350,2024-11,2023-07,16
C1350,2024-12,2023-07,17
C1351,2023-04,2023-04,0
C1351,2023-05,2023-04,1
C1351,2023-06,2023-04,2
C1351,2023-07,2023-04,3
C1351,2023-08,2023-04,4
C1351,2023-09,2023-04,5
C1351,2023-10,2023-04,6
C1351,2023-11,2023-04,7
C1351,2023-12,2023-04,8
C1351,2024-01,2023-04,9
C1351,2024-02,2023-04,10
C1351,2024-03,2023-04,11
C1351,2024-04,2023-04,12
C1351,2024-05,2023-04,13
C1351,2024-06,2023-04,14
C1351,2024-07,2023-04,15
C1351,2024-08,2023-04,16
C1351,2024-09,2023-04,17
C1351,2024-10,2023-04,18
C1351,2024-11,2023-04,19
C1351,2024-12,2023-04,20
C1352,2024-03,2024-03,0
C1352,2024-04,2024-03,1
C1352,2024-05,2024-03,2
C1352,2024-06,2024-03,3
C1352,2024-07,2024-03,4
C1352,2024-08,2024-03,5
C1352,2024-09,2024-03,6
C1352,2024-10,2024-03,7
C1352,2024-11,2024-03,8
C1352,2024-12,2024-03,9
C1354,2023-01,2023-01,0
C1354,2023-02,2023-01,1
C1354,2023-03,2023-01,2
C1354,2023-04,2023-01,3
C1354,2023-05,2023-01,4
C1354,2023-06,2023-01,5
C1354,2023-07,2023-01,6
C1354,2023-08,2023-01,7
C1354,2023-09,2023-01,8
C1354,2023-10,2023-01,9
C1354,2023-11,2023-01,10
C1354,2023-12,2023-01,11
C1354,2024-01,2023-01,12
C1354,2024-02,2023-01,13
C1354,2024-03,2023-01,14
C1354,2024-04,2023-01,15
C1354,2024-05,2023-01,16
C1354,2024-06,2023-01,17
C1354,2024-07,2023-01,18
C1354,2024-08,2023-01,19
C1354,2024-09,2023-01,20
C1354,2024-10,2023-01,21
C1354,2024-11,2023-01,22
C1354,2024-12,2023-01,23
C1355,2024-10,2024-10,0
C1355,2024-11,2024-10,1
C1355,2024-12,2024-10,2
C1356,2024-02,2024-02,0
C1356,2024-03,2024-02,1
C1356,2024-04,2024-02,2
C1356,2024-05,2024-02,3
C1356,2024-06,2024-02,4
C1356,2024-07,2024-02,5
C1356,2024-08,2024-02,6
C1356,2024-09,2024-02,7
C1356,2024-10,2024-02,8
C1356,2024-11,2024-02,9
C1356,2024-12,2024-02,10
C1357,2023-01,2023-01,0
C1357,2023-02,2023-01,1
C1357,2023-03,2023-01,2
C1357,2023-04,2023-01,3
C1357,2023-05,2023-01,4
C1357,2023-06,2023-01,5
C1357,2023-07,2023-01,6
C1357,2023-08,2023-01,7
C1357,2023-09,2023-01,8
C1357,2023-10,2023-01,9
C1357,2023-11,2023-01,10
C1357,2023-12,2023-01,11
C1357,2024-01,2023-01,12
C1357,2024-02,2023-01,13
C1357,2024-03,2023-01,14
C1357,2024-04,2023-01,15
C1357,2024-05,2023-01,16
C1357,2024-06,2023-01,17
C1357,2024-07,2023-01,18
C1357,2024-08,2023-01,19
C1357,2024-09,2023-01,20
C1357,2024-10,2023-01,21
C1357,2024-11,2023-01,22
C1357,2024-12,2023-01,23
C1358,2023-07,2023-07,0
C1358,2023-08,2023-07,1
C1358,2023-09,2023-07,2
C1358,2023-10,2023-07,3
C1358,2023-11,2023-07,4
C1358,2023-12,2023-07,5
C1358,2024-01,2023-07,6
C1358,2024-02,2023-07,7
C1358,2024-03,2023-07,8
C1358,2024-04,2023-07,9
C1358,2024-05,2023-07,10
C1358,2024-06,2023-07,11
C1358,2024-07,2023-07,12
C1358,2024-08,2023-07,13
C1358,2024-09,2023-07,14
C1358,2024-10,2023-07,15
C1360,2024-08,2024-08,0
C1360,2024-09,2024-08,1
C1360,2024-10,2024-08,2
C1360,2024-11,2024-08,3
C1360,2024-12,2024-08,4
C1361,2024-10,2024-10,0
C1361,2024-11,2024-10,1
C1361,2024-12,2024-10,2
C1362,2023-03,2023-03,0
C1362,2023-04,2023-03,1
C1362,2023-05,2023-03,2
C1362,2023-06,2023-03,3
C1362,2023-07,2023-03,4
C1362,2023-08,2023-03,5
C1362,2023-09,2023-03,6
C1362,2023-10,2023-03,7
C1362,2023-11,2023-03,8
C1362,2023-12,2023-03,9
C1362,2024-01,2023-03,10
C1362,2024-02,2023-03,11
C1362,2024-03,2023-03,12
C1362,2024-04,2023-03,13
C1362,2024-05,2023-03,14
C1362,2024-06,2023-03,15
C1362,2024-07,2023-03,16
C1362,2024-08,2023-03,17
C1362,2024-09,2023-03,18
C1362,2024-10,2023-03,19
C1362,2024-11,2023-03,20
C1362,2024-12,2023-03,21
C1363,2024-08,2024-08,0
C1363,2024-09,2024-08,1
C1363,2024-10,2024-08,2
C1363,2024-11,2024-08,3
C1363,2024-12,2024-08,4
C1364,2023-12,2023-12,0
C1364,2024-01,2023-12,1
C1364,2024-02,2023-12,2
C1364,2024-03,2023-12,3
C1364,2024-04,2023-12,4
C1364,2024-05,2023-12,5
C1364,2024-06,2023-12,6
C1364,2024-07,2023-12,7
C1364,2024-08,2023-12,8
C1364,2024-09,2023-12,9
C1364,2024-10,2023-12,10
C1364,2024-11,2023-12,11
C1364,2024-12,2023-12,12
C1365,2024-06,2024-06,0
C1365,2024-07,2024-06,1
C1365,2024-08,2024-06,2
C1365,2024-09,2024-06,3
C1365,2024-10,2024-06,4
C1365,2024-11,2024-06,5
C1365,2024-12,2024-06,6
C1366,2024-06,2024-06,0
C1366,2024-07,2024-06,1
C1366,2024-08,2024-06,2
C1366,2024-09,2024-06,3
C1366,2024-10,2024-06,4
C1366,2024-11,2024-06,5
C1366,2024-12,2024-06,6
C1367,2024-11,2024-11,0
C1367,2024-12,2024-11,1
C1368,2024-09,2024-09,0
C1368,2024-10,2024-09,1
C1368,2024-11,2024-09,2
C1368,2024-12,2024-09,3
C1369,2024-11,2024-11,0
C1369,2024-12,2024-11,1
C1370,2023-11,2023-11,0
C1370,2023-12,2023-11,1
C1370,2024-01,2023-11,2
C1370,2024-02,2023-11,3
C1370,2024-03,2023-11,4
C1370,2024-04,2023-11,5
C1370,2024-05,2023-11,6
C1370,2024-06,2023-11,7
C1370,2024-07,2023-11,8
C1370,2024-08,2023-11,9
C1370,2024-09,2023-11,10
C1370,2024-10,2023-11,11
C1370,2024-11,2023-11,12
C1370,2024-12,2023-11,13
C1371,2023-10,2023-10,0
C1371,2023-11,2023-10,1
C1371,2023-12,2023-10,2
C1371,2024-01,2023-10,3
C1371,2024-02,2023-10,4
C1371,2024-03,2023-10,5
C1371,2024-04,2023-10,6
C1371,2024-05,2023-10,7
C1371,2024-06,2023-10,8
C1371,2024-07,2023-10,9
C1371,2024-08,2023-10,10
C1371,2024-09,2023-10,11
C1371,2024-10,2023-10,12
C1371,2024-11,2023-10,13
C1371,2024-12,2023-10,14
C1372,2024-07,2024-07,0
C1372,2024-08,2024-07,1
C1372,2024-09,2024-07,2
C1372,2024-10,2024-07,3
C1372,2024-11,2024-07,4
C1372,2024-12,2024-07,5
C1373,2023-09,2023-09,0
C1373,2023-10,2023-09,1
C1373,2023-11,2023-09,2
C1373,2023-12,2023-09,3
C1373,2024-01,2023-09,4
C1373,2024-02,2023-09,5
C1373,2024-03,2023-09,6
C1373,2024-04,2023-09,7
C1373,2024-05,2023-09,8
C1373,2024-06,2023-09,9
C1373,2024-07,2023-09,10
C1373,2024-08,2023-09,11
C1373,2024-09,2023-09,12
C1373,2024-10,2023-09,13
C1373,2024-11,2023-09,14
C1373,2024-12,2023-09,15
C1374,2023-12,2023-12,0
C1374,2024-01,2023-12,1
C1374,2024-02,2023-12,2
C1374,2024-03,2023-12,3
C1374,2024-04,2023-12,4
C1374,2024-05,2023-12,5
C1374,2024-06,2023-12,6
C1374,2024-07,2023-12,7
C1374,2024-08,2023-12,8
C1374,2024-09,2023-12,9
C1374,2024-10,2023-12,10
C1374,2024-11,2023-12,11
C1374,2024-12,2023-12,12
C1375,2023-03,2023-03,0
C1375,2023-04,2023-03,1
C1375,2023-05,2023-03,2
C1375,2023-06,2023-03,3
C1375,2023-07,2023-03,4
C1375,2023-08,2023-03,5
C1375,2023-09,2023-03,6
C1375,2023-10,2023-03,7
C1375,2023-11,2023-03,8
C1375,2023-12,2023-03,9
C1375,2024-01,2023-03,10
C1375,2024-02,2023-03,11
C1375,2024-03,2023-03,12
C1375,2024-04,2023-03,13
C1375,2024-05,2023-03,14
C1375,2024-06,2023-03,15
C1375,2024-07,2023-03,16
C1375,2024-08,2023-03,17
C1375,2024-09,2023-03,18
C1375,2024-10,2023-03,19
C1375,2024-11,2023-03,20
C1375,2024-12,2023-03,21
C1376,2023-06,2023-06,0
C1376,2023-07,2023-06,1
C1376,2023-08,2023-06,2
C1376,2023-09,2023-06,3
C1376,2023-10,2023-06,4
C1376,2023-11,2023-06,5
C1376,2023-12,2023-06,6
C1376,2024-01,2023-06,7
C1376,2024-02,2023-06,8
C1376,2024-03,2023-06,9
C1376,2024-04,2023-06,10
C1376,2024-05,2023-06,11
C1376,2024-06,2023-06,12
C1376,2024-07,2023-06,13
C1376,2024-08,2023-06,14
C1376,2024-09,2023-06,15
C1376,2024-10,2023-06,16
C1376,2024-11,2023-06,17
C1376,2024-12,2023-06,18
C1377,2024-07,2024-07,0
C1377,2024-08,2024-07,1
C1377,2024-09,2024-07,2
C1377,2024-10,2024-07,3
C1377,2024-11,2024-07,4
C1377,2024-12,2024-07,5
C1378,2023-11,2023-11,0
C1378,2023-12,2023-11,1
C1378,2024-01,2023-11,2
C1378,2024-02,2023-11,3
C1378,2024-03,2023-11,4
C1378,2024-04,2023-11,5
C1378,2024-05,2023-11,6
C1378,2024-06,2023-11,7
C1378,2024-07,2023-11,8
C1378,2024-08,2023-11,9
C1378,2024-09,2023-11,10
C1378,2024-10,2023-11,11
C1378,2024-11,2023-11,12
C1378,2024-12,2023-11,13
C1379,2024-02,2024-02,0
C1379,2024-03,2024-02,1
C1379,2024-04,2024-02,2
C1379,2024-05,2024-02,3
C1379,2024-06,2024-02,4
C1379,2024-07,2024-02,5
C1379,2024-08,2024-02,6
C1379,2024-09,2024-02,7
C1379,2024-10,2024-02,8
C1379,2024-11,2024-02,9
C1379,2024-12,2024-02,10
C1380,2024-06,2024-06,0
C1380,2024-07,2024-06,1
C1380,2024-08,2024-06,2
C1380,2024-09,2024-06,3
C1380,2024-10,2024-06,4
C1380,2024-11,2024-06,5
C1380,2024-12,2024-06,6
C1381,2023-05,2023-05,0
C1381,2023-06,2023-05,1
C1381,2023-07,2023-05,2
C1381,2023-08,2023-05,3
C1381,2023-09,2023-05,4
C1381,2023-10,2023-05,5
C1381,2023-11,2023-05,6
C1381,2023-12,2023-05,7
C1381,2024-01,2023-05,8
C1381,2024-02,2023-05,9
C1381,2024-03,2023-05,10
C1381,2024-04,2023-05,11
C1381,2024-05,2023-05,12
C1381,2024-06,2023-05,13
C1381,2024-07,2023-05,14
C1381,2024-08,2023-05,15
C1381,2024-09,2023-05,16
C1381,2024-10,2023-05,17
C1381,2024-11,2023-05,18
C1381,2024-12,2023-05,19
C1382,2024-09,2024-09,0
C1382,2024-10,2024-09,1
C1382,2024-11,2024-09,2
C1382,2024-12,2024-09,3
C1383,2024-08,2024-08,0
C1383,2024-09,2024-08,1
C1383,2024-10,2024-08,2
C1383,2024-11,2024-08,3
C1383,2024-12,2024-08,4
C1384,2024-08,2024-08,0
C1384,2024-09,2024-08,1
C1384,2024-10,2024-08,2
C1384,2024-11,2024-08,3
C1384,2024-12,2024-08,4
C1385,2024-11,2024-11,0
C1385,2024-12,2024-11,1
C1386,2023-01,2023-01,0
C1386,2023-02,2023-01,1
C1386,2023-03,2023-01,2
C1386,2023-04,2023-01,3
C1386,2023-05,2023-01,4
C1386,2023-06,2023-01,5
C1386,2023-07,2023-01,6
C1386,2023-08,2023-01,7
C1386,2023-09,2023-01,8
C1386,2023-10,2023-01,9
C1386,2023-11,2023-01,10
C1386,2023-12,2023-01,11
C1386,2024-01,2023-01,12
C1386,2024-02,2023-01,13
C1386,2024-03,2023-01,14
C1386,2024-04,2023-01,15
C1386,2024-05,2023-01,16
C1386,2024-06,2023-01,17
C1386,2024-07,2023-01,18
C1386,2024-08,2023-01,19
C1386,2024-09,2023-01,20
C1386,2024-10,2023-01,21
C1386,2024-11,2023-01,22
C1386,2024-12,2023-01,23
C1387,2024-03,2024-03,0
C1387,2024-04,2024-03,1
C1387,2024-05,2024-03,2
C1387,2024-06,2024-03,3
C1387,2024-07,2024-03,4
C1387,2024-08,2024-03,5
C1387,2024-09,2024-03,6
C1387,2024-10,2024-03,7
C1387,2024-11,2024-03,8
C1387,2024-12,2024-03,9
C1388,2023-06,2023-06,0
C1388,2023-07,2023-06,1
C1388,2023-08,2023-06,2
C1388,2023-09,2023-06,3
C1388,2023-10,2023-06,4
C1388,2023-11,2023-06,5
C1388,2023-12,2023-06,6
C1388,2024-01,2023-06,7
C1388,2024-02,2023-06,8
C1388,2024-03,2023-06,9
C1388,2024-04,2023-06,10
C1388,2024-05,2023-06,11
C1388,2024-06,2023-06,12
C1388,2024-07,2023-06,13
C1388,2024-08,2023-06,14
C1388,2024-09,2023-06,15
C1388,2024-10,2023-06,16
C1388,2024-11,2023-06,17
C1388,2024-12,2023-06,18
C1389,2024-01,2024-01,0
C1389,2024-02,2024-01,1
C1389,2024-03,2024-01,2
C1389,2024-04,2024-01,3
C1389,2024-05,2024-01,4
C1389,2024-06,2024-01,5
C1389,2024-07,2024-01,6
C1389,2024-08,2024-01,7
C1389,2024-09,2024-01,8
C1389,2024-10,2024-01,9
C1389,2024-11,2024-01,10
C1389,2024-12,2024-01,11
C1390,2024-03,2024-03,0
C1390,2024-04,2024-03,1
C1390,2024-05,2024-03,2
C1390,2024-06,2024-03,3
C1390,2024-07,2024-03,4
C1390,2024-08,2024-03,5
C1390,2024-09,2024-03,6
C1390,2024-10,2024-03,7
C1390,2024-11,2024-03,8
C1390,2024-12,2024-03,9
C1391,2023-11,2023-11,0
C1391,2023-12,2023-11,1
C1391,2024-01,2023-11,2
C1391,2024-02,2023-11,3
C1391,2024-03,2023-11,4
C1391,2024-04,2023-11,5
C1391,2024-05,2023-11,6
C1391,2024-06,2023-11,7
C1391,2024-07,2023-11,8
C1391,2024-08,2023-11,9
C1391,2024-09,2023-11,10
C1391,2024-10,2023-11,11
C1391,2024-11,2023-11,12
C1391,2024-12,2023-11,13
C1392,2023-04,2023-04,0
C1392,2023-05,2023-04,1
C1392,2023-06,2023-04,2
C1392,2023-07,2023-04,3
C1392,2023-08,2023-04,4
C1392,2023-09,2023-04,5
C1392,2023-10,2023-04,6
C1392,2023-11,2023-04,7
C1392,2023-12,2023-04,8
C1392,2024-01,2023-04,9
C1392,2024-02,2023-04,10
C1392,2024-03,2023-04,11
C1392,2024-04,2023-04,12
C1392,2024-05,2023-04,13
C1392,2024-06,2023-04,14
C1392,2024-07,2023-04,15
C1392,2024-08,2023-04,16
C1392,2024-09,2023-04,17
C1392,2024-10,2023-04,18
C1392,2024-11,2023-04,19
C1392,2024-12,2023-04,20
C1393,2023-10,2023-10,0
C1393,2023-11,2023-10,1
C1393,2023-12,2023-10,2
C1393,2024-01,2023-10,3
C1393,2024-02,2023-10,4
C1393,2024-03,2023-10,5
C1393,2024-04,2023-10,6
C1393,2024-05,2023-10,7
C1393,2024-06,2023-10,8
C1393,2024-07,2023-10,9
C1393,2024-08,2023-10,10
C1393,2024-09,2023-10,11
C1393,2024-10,2023-10,12
C1393,2024-11,2023-10,13
C1393,2024-12,2023-10,14
C1394,2023-05,2023-05,0
C1394,2023-06,2023-05,1
C1394,2023-07,2023-05,2
C1394,2023-08,2023-05,3
C1394,2023-09,2023-05,4
C1394,2023-10,2023-05,5
C1394,2023-11,2023-05,6
C1394,2023-12,2023-05,7
C1394,2024-01,2023-05,8
C1394,2024-02,2023-05,9
C1394,2024-03,2023-05,10
C1394,2024-04,2023-05,11
C1394,2024-05,2023-05,12
C1394,2024-06,2023-05,13
C1394,2024-07,2023-05,14
C1394,2024-08,2023-05,15
C1394,2024-09,2023-05,16
C1394,2024-10,2023-05,17
C1394,2024-11,2023-05,18
C1394,2024-12,2023-05,19
C1395,2024-11,2024-11,0
C1395,2024-12,2024-11,1
C1396,2023-12,2023-12,0
C1396,2024-01,2023-12,1
C1396,2024-02,2023-12,2
C1396,2024-03,2023-12,3
C1396,2024-04,2023-12,4
C1396,2024-05,2023-12,5
C1396,2024-06,2023-12,6
C1397,2024-12,2024-12,0
C1398,2024-01,2024-01,0
C1398,2024-02,2024-01,1
C1398,2024-03,2024-01,2
C1398,2024-04,2024-01,3
C1398,2024-05,2024-01,4
C1398,2024-06,2024-01,5
C1398,2024-07,2024-01,6
C1398,2024-08,2024-01,7
C1398,2024-09,2024-01,8
C1398,2024-10,2024-01,9
C1398,2024-11,2024-01,10
C1398,2024-12,2024-01,11
C1399,2024-03,2024-03,0
C1399,2024-04,2024-03,1
C1399,2024-05,2024-03,2
C1399,2024-06,2024-03,3
C1399,2024-07,2024-03,4
C1399,2024-08,2024-03,5
C1399,2024-09,2024-03,6
C1399,2024-10,2024-03,7
C1399,2024-11,2024-03,8
C1399,2024-12,2024-03,9
C1400,2024-10,2024-10,0
C1400,2024-11,2024-10,1
C1400,2024-12,2024-10,2
C1401,2024-03,2024-03,0
C1401,2024-04,2024-03,1
C1401,2024-05,2024-03,2
C1401,2024-06,2024-03,3
C1401,2024-07,2024-03,4
C1401,2024-08,2024-03,5
C1401,2024-09,2024-03,6
C1401,2024-10,2024-03,7
C1401,2024-11,2024-03,8
C1401,2024-12,2024-03,9
C1402,2024-12,2024-12,0
C1403,2024-08,2024-08,0
C1403,2024-09,2024-08,1
C1403,2024-10,2024-08,2
C1403,2024-11,2024-08,3
C1403,2024-12,2024-08,4
C1404,2024-03,2024-03,0
C1404,2024-04,2024-03,1
C1404,2024-05,2024-03,2
C1404,2024-06,2024-03,3
C1404,2024-07,2024-03,4
C1404,2024-08,2024-03,5
C1404,2024-09,2024-03,6
C1404,2024-10,2024-03,7
C1404,2024-11,2024-03,8
C1404,2024-12,2024-03,9
C1405,2024-04,2024-04,0
C1405,2024-05,2024-04,1
C1405,2024-06,2024-04,2
C1405,2024-07,2024-04,3
C1405,2024-08,2024-04,4
C1405,2024-09,2024-04,5
C1405,2024-10,2024-04,6
C1405,2024-11,2024-04,7
C1405,2024-12,2024-04,8
C1406,2024-04,2024-04,0
C1406,2024-05,2024-04,1
C1406,2024-06,2024-04,2
C1406,2024-07,2024-04,3
C1406,2024-08,2024-04,4
C1406,2024-09,2024-04,5
C1406,2024-10,2024-04,6
C1406,2024-11,2024-04,7
C1406,2024-12,2024-04,8
C1407,2024-10,2024-10,0
C1407,2024-11,2024-10,1
C1407,2024-12,2024-10,2
C1408,2023-10,2023-10,0
C1408,2023-11,2023-10,1
C1408,2023-12,2023-10,2
C1408,2024-01,2023-10,3
C1408,2024-02,2023-10,4
C1408,2024-03,2023-10,5
C1408,2024-04,2023-10,6
C1408,2024-05,2023-10,7
C1408,2024-06,2023-10,8
C1408,2024-07,2023-10,9
C1408,2024-08,2023-10,10
C1408,2024-09,2023-10,11
C1408,2024-10,2023-10,12
C1408,2024-11,2023-10,13
C1408,2024-12,2023-10,14
C1409,2023-05,2023-05,0
C1409,2023-06,2023-05,1
C1409,2023-07,2023-05,2
C1409,2023-08,2023-05,3
C1409,2023-09,2023-05,4
C1409,2023-10,2023-05,5
C1409,2023-11,2023-05,6
C1409,2023-12,2023-05,7
C1409,2024-01,2023-05,8
C1409,2024-02,2023-05,9
C1410,2024-03,2024-03,0
C1410,2024-04,2024-03,1
C1410,2024-05,2024-03,2
C1410,2024-06,2024-03,3
C1410,2024-07,2024-03,4
C1412,2024-05,2024-05,0
C1412,2024-06,2024-05,1
C1412,2024-07,2024-05,2
C1412,2024-08,2024-05,3
C1412,2024-09,2024-05,4
C1412,2024-10,2024-05,5
C1412,2024-11,2024-05,6
C1412,2024-12,2024-05,7
C1413,2023-09,2023-09,0
C1413,2023-10,2023-09,1
C1413,2023-11,2023-09,2
C1413,2023-12,2023-09,3
C1413,2024-01,2023-09,4
C1413,2024-02,2023-09,5
C1413,2024-03,2023-09,6
C1413,2024-04,2023-09,7
C1413,2024-05,2023-09,8
C1413,2024-06,2023-09,9
C1413,2024-07,2023-09,10
C1413,2024-08,2023-09,11
C1413,2024-09,2023-09,12
C1413,2024-10,2023-09,13
C1413,2024-11,2023-09,14
C1413,2024-12,2023-09,15
C1414,2023-12,2023-12,0
C1414,2024-01,2023-12,1
C1414,2024-02,2023-12,2
C1414,2024-03,2023-12,3
C1414,2024-04,2023-12,4
C1414,2024-05,2023-12,5
C1415,2024-02,2024-02,0
C1415,2024-03,2024-02,1
C1415,2024-04,2024-02,2
C1415,2024-05,2024-02,3
C1415,2024-06,2024-02,4
C1415,2024-07,2024-02,5
C1415,2024-08,2024-02,6
C1415,2024-09,2024-02,7
C1415,2024-10,2024-02,8
C1415,2024-11,2024-02,9
C1415,2024-12,2024-02,10
C1416,2023-01,2023-01,0
C1416,2023-02,2023-01,1
C1416,2023-03,2023-01,2
C1416,2023-04,2023-01,3
C1416,2023-05,2023-01,4
C1416,2023-06,2023-01,5
C1416,2023-07,2023-01,6
C1416,2023-08,2023-01,7
C1416,2023-09,2023-01,8
C1416,2023-10,2023-01,9
C1416,2023-11,2023-01,10
C1416,2023-12,2023-01,11
C1416,2024-01,2023-01,12
C1416,2024-02,2023-01,13
C1416,2024-03,2023-01,14
C1416,2024-04,2023-01,15
C1416,2024-05,2023-01,16
C1416,2024-06,2023-01,17
C1416,2024-07,2023-01,18
C1416,2024-08,2023-01,19
C1416,2024-09,2023-01,20
C1416,2024-10,2023-01,21
C1416,2024-11,2023-01,22
C1416,2024-12,2023-01,23
C1417,2023-04,2023-04,0
C1417,2023-05,2023-04,1
C1418,2023-12,2023-12,0
C1418,2024-01,2023-12,1
C1418,2024-02,2023-12,2
C1418,2024-03,2023-12,3
C1418,2024-04,2023-12,4
C1418,2024-05,2023-12,5
C1418,2024-06,2023-12,6
C1418,2024-07,2023-12,7
C1418,2024-08,2023-12,8
C1418,2024-09,2023-12,9
C1418,2024-10,2023-12,10
C1418,2024-11,2023-12,11
C1418,2024-12,2023-12,12
C1419,2024-11,2024-11,0
C1419,2024-12,2024-11,1
C1420,2023-03,2023-03,0
C1420,2023-04,2023-03,1
C1420,2023-05,2023-03,2
C1420,2023-06,2023-03,3
C1420,2023-07,2023-03,4
C1420,2023-08,2023-03,5
C1420,2023-09,2023-03,6
C1420,2023-10,2023-03,7
C1420,2023-11,2023-03,8
C1420,2023-12,2023-03,9
C1420,2024-01,2023-03,10
C1420,2024-02,2023-03,11
C1420,2024-03,2023-03,12
C1420,2024-04,2023-03,13
C1420,2024-05,2023-03,14
C1420,2024-06,2023-03,15
C1420,2024-07,2023-03,16
C1420,2024-08,2023-03,17
C1420,2024-09,2023-03,18
C1420,2024-10,2023-03,19
C1420,2024-11,2023-03,20
C1420,2024-12,2023-03,21
