Customer_Count
--------------
420

(1 row affected)

Subscription_Count
------------------
437

(1 row affected)

Usage_Count
-----------
4640

(1 row affected)

Ticket_Count
------------
1379

(1 row affected)

Country                                            Customer_Count Total_MRR
-------------------------------------------------- -------------- ----------------------
India                                              212            137854.241241455
UK                                                 65             38263.9201087952
USA                                                61             36104.2002830505
UAE                                                48             34250.5204391479
Singapore                                          34             16892.6798439026

(5 rows affected)

PlanName                                           Subscription_Count Total_MRR              Average_MRR
-------------------------------------------------- ------------------ ---------------------- ----------------------
Enterprise                                         71                 149229.882751465       2101.82933452767
Business                                           85                 61132.599822998        719.207056741153
Growth                                             146                42920.319442749        293.97479070376
Starter                                            135                10082.7598991394       74.6871103639956

(4 rows affected)

CustomerID                                         CompanyName                                        Total_MRR              Revenue_Category
-------------------------------------------------- -------------------------------------------------- ---------------------- ----------------
C1049                                              Farhan Gupta Labs                                  4676.88012695313       High Revenue
C1194                                              Zoya Bose Group                                    3957.36010742188       High Revenue
C1395                                              Deepak Patel Labs                                  3177.8798828125        High Revenue
C1103                                              Pooja Menon Group                                  3057.9599609375        High Revenue
C1144                                              Aditya Sharma Technologies                         2698.19995117188       High Revenue
C1242                                              Deepak Bose Group                                  2648.87994384766       High Revenue
C1195                                              Aman Gupta Labs                                    2578.28002929688       High Revenue
C1352                                              Aditya Patel Industries                            2578.28002929688       High Revenue
C1045                                              Kavya Verma Solutions                              2578.28002929688       High Revenue
C1034                                              Sneha Rao Industries                               2578.28002929688       High Revenue
C1113                                              Riya Iyer Technologies                             2578.28002929688       High Revenue
C1290                                              Riya Singh Systems                                 2578.28002929688       High Revenue
C1076                                              Arun Khan Labs                                     2542.64010620117       High Revenue
C1412                                              Farhan Verma Solutions                             2534.80010986328       High Revenue
C1324                                              Karthik Reddy Technologies                         2458.36010742188       High Revenue
C1308                                              Naveen Gupta Labs                                  2458.36010742188       High Revenue
C1349                                              Krishna Joshi Systems                              2458.36010742188       High Revenue
C1030                                              Rohan Bose Solutions                               2458.36010742188       High Revenue
C1325                                              Ishaan Reddy Group                                 2338.43994140625       High Revenue
C1263                                              Deepak Reddy Industries                            2338.43994140625       High Revenue
C1166                                              Deepak Joshi Industries                            2338.43994140625       High Revenue
C1204                                              Aman Reddy Systems                                 2338.43994140625       High Revenue
C1198                                              Ananya Sharma Labs                                 2218.52001953125       High Revenue
C1102                                              Deepak Iyer Solutions                              2218.52001953125       High Revenue
C1381                                              Diya Nair Systems                                  2218.52001953125       High Revenue
C1156                                              Diya Sharma Technologies                           2218.52001953125       High Revenue
C1341                                              Isha Singh Group                                   2218.52001953125       High Revenue
C1272                                              Pooja Joshi Industries                             2218.52001953125       High Revenue
C1385                                              Vihaan Das Group                                   2218.52001953125       High Revenue
C1100                                              Priya Gupta Solutions                              2098.60009765625       High Revenue
C1241                                              Rohan Iyer Group                                   2098.60009765625       High Revenue
C1009                                              Rohan Patel Technologies                           2098.60009765625       High Revenue
C1369                                              Meera Reddy Industries                             2098.60009765625       High Revenue
C1252                                              Meera Sharma Industries                            2098.60009765625       High Revenue
C1018                                              Myra Khan Systems                                  2098.60009765625       High Revenue
C1155                                              Naveen Verma Technologies                          2098.60009765625       High Revenue
C1327                                              Nikita Menon Group                                 2098.60009765625       High Revenue
C1267                                              Nikita Rao Industries                              2098.60009765625       High Revenue
C1281                                              Farhan Das Group                                   2098.60009765625       High Revenue
C1162                                              Divya Nair Technologies                            2098.60009765625       High Revenue
C1384                                              Arjun Joshi Technologies                           2098.60009765625       High Revenue
C1035                                              Arjun Gupta Industries                             1978.68005371094       High Revenue
C1364                                              Aarav Bose Labs                                    1978.68005371094       High Revenue
C1037                                              Diya Das Industries                                1978.68005371094       High Revenue
C1350                                              Deepak Gupta Labs                                  1978.68005371094       High Revenue
C1182                                              Arun Menon Labs                                    1978.68005371094       High Revenue
C1282                                              Nikita Menon Solutions                             1978.68005371094       High Revenue
C1012                                              Meera Patel Labs                                   1978.68005371094       High Revenue
C1313                                              Krishna Joshi Solutions                            1978.68005371094       High Revenue
C1256                                              Sai Gupta Technologies                             1978.68005371094       High Revenue
C1261                                              Reyansh Menon Labs                                 1978.68005371094       High Revenue
C1149                                              Vivaan Verma Technologies                          1978.68005371094       High Revenue
C1284                                              Zoya Das Group                                     1978.68005371094       High Revenue
C1334                                              Sai Menon Group                                    1978.68005371094       High Revenue
C1250                                              Sai Rao Industries                                 1978.68005371094       High Revenue
C1013                                              Farhan Das Industries                              1931.28000640869       High Revenue
C1201                                              Naveen Patel Labs                                  1858.76000976563       High Revenue
C1094                                              Isha Nair Solutions                                1858.76000976563       High Revenue
C1121                                              Ishaan Singh Group                                 1858.76000976563       High Revenue
C1257                                              Vihaan Patel Solutions                             1858.76000976563       High Revenue
C1217                                              Sai Iyer Industries                                1858.76000976563       High Revenue
C1050                                              Arun Khan Solutions                                1825.35998535156       High Revenue
C1239                                              Pooja Nair Solutions                               1738.83996582031       High Revenue
C1380                                              Ishaan Reddy Labs                                  1618.92004394531       High Revenue
C1288                                              Kiara Das Labs                                     1618.92004394531       High Revenue
C1006                                              Sanjay Reddy Labs                                  1618.92004394531       High Revenue
C1275                                              Nikita Verma Technologies                          1499                   High Revenue
C1202                                              Karthik Iyer Labs                                  1112.87997436523       High Revenue
C1230                                              Ishaan Patel Industries                            1009.03997802734       High Revenue
C1016                                              Diya Singh Industries                              978.039978027344       Medium Revenue
C1397                                              Divya Reddy Group                                  938.119995117188       Medium Revenue
C1224                                              Isha Patel Technologies                            898.200012207031       Medium Revenue
C1065                                              Priya Verma Systems                                898.200012207031       Medium Revenue
C1203                                              Saanvi Reddy Industries                            858.280029296875       Medium Revenue
C1129                                              Farhan Reddy Labs                                  858.280029296875       Medium Revenue
C1086                                              Karthik Sharma Systems                             818.359985351563       Medium Revenue
C1008                                              Nikita Gupta Solutions                             818.359985351563       Medium Revenue
C1260                                              Meera Iyer Technologies                            818.359985351563       Medium Revenue
C1184                                              Meera Verma Group                                  818.359985351563       Medium Revenue
C1098                                              Myra Nair Systems                                  818.359985351563       Medium Revenue
C1251                                              Diya Khan Group                                    818.359985351563       Medium Revenue
C1222                                              Aarav Verma Labs                                   818.359985351563       Medium Revenue
C1054                                              Arjun Bose Group                                   818.359985351563       Medium Revenue
C1273                                              Ananya Menon Systems                               818.359985351563       Medium Revenue
C1172                                              Reyansh Menon Industries                           818.359985351563       Medium Revenue
C1404                                              Rahul Nair Labs                                    778.440002441406       Medium Revenue
C1259                                              Priya Reddy Systems                                778.440002441406       Medium Revenue
C1310                                              Riya Das Technologies                              778.440002441406       Medium Revenue
C1415                                              Sneha Rao Group                                    778.440002441406       Medium Revenue
C1027                                              Vihaan Bose Group                                  778.440002441406       Medium Revenue
C1188                                              Tara Rao Industries                                778.440002441406       Medium Revenue
C1151                                              Aman Gupta Solutions                               778.440002441406       Medium Revenue
C1374                                              Ananya Joshi Industries                            778.440002441406       Medium Revenue
C1365                                              Diya Joshi Industries                              778.440002441406       Medium Revenue
C1079                                              Arun Rao Industries                                778.440002441406       Medium Revenue
C1148                                              Divya Bose Solutions                               778.440002441406       Medium Revenue
C1023                                              Meera Menon Industries                             778.440002441406       Medium Revenue
C1302                                              Ishaan Singh Industries                            778.440002441406       Medium Revenue
C1335                                              Karthik Rao Systems                                778.440002441406       Medium Revenue
C1205                                              Isha Joshi Labs                                    778.440002441406       Medium Revenue
C1285                                              Isha Verma Solutions                               778.440002441406       Medium Revenue
C1132                                              Sneha Khan Solutions                               775.039978027344       Medium Revenue
C1206                                              Zoya Gupta Group                                   738.52001953125        Medium Revenue
C1232                                              Rohan Bose Systems                                 738.52001953125        Medium Revenue
C1075                                              Ishaan Khan Industries                             738.52001953125        Medium Revenue
C1247                                              Karthik Sharma Technologies                        738.52001953125        Medium Revenue
C1407                                              Meera Gupta Labs                                   738.52001953125        Medium Revenue
C1389                                              Meera Sharma Industries                            738.52001953125        Medium Revenue
C1186                                              Diya Rao Technologies                              738.52001953125        Medium Revenue
C1248                                              Farhan Bose Solutions                              738.52001953125        Medium Revenue
C1117                                              Arun Gupta Labs                                    738.52001953125        Medium Revenue
C1154                                              Kiara Das Group                                    723.359992980957       Medium Revenue
C1227                                              Karthik Das Industries                             698.599975585938       Medium Revenue
C1297                                              Naveen Sharma Technologies                         698.599975585938       Medium Revenue
C1249                                              Ananya Singh Solutions                             698.599975585938       Medium Revenue
C1264                                              Aarav Nair Solutions                               698.599975585938       Medium Revenue
C1043                                              Aadhya Khan Systems                                698.599975585938       Medium Revenue
C1105                                              Riya Gupta Labs                                    698.599975585938       Medium Revenue
C1026                                              Vivaan Singh Solutions                             698.599975585938       Medium Revenue
C1029                                              Sai Khan Technologies                              698.599975585938       Medium Revenue
C1377                                              Zoya Bose Technologies                             698.599975585938       Medium Revenue
C1416                                              Sneha Sharma Systems                               658.679992675781       Medium Revenue
C1336                                              Sai Reddy Industries                               658.679992675781       Medium Revenue
C1007                                              Sai Das Technologies                               658.679992675781       Medium Revenue
C1296                                              Saanvi Khan Group                                  658.679992675781       Medium Revenue
C1111                                              Priya Khan Industries                              658.679992675781       Medium Revenue
C1209                                              Rahul Khan Systems                                 658.679992675781       Medium Revenue
C1169                                              Reyansh Menon Solutions                            658.679992675781       Medium Revenue
C1093                                              Aarav Joshi Technologies                           658.679992675781       Medium Revenue
C1399                                              Aman Patel Technologies                            658.679992675781       Medium Revenue
C1359                                              Aman Rao Group                                     658.679992675781       Medium Revenue
C1048                                              Aman Singh Labs                                    658.679992675781       Medium Revenue
C1220                                              Diya Rao Solutions                                 658.679992675781       Medium Revenue
C1370                                              Arun Joshi Group                                   658.679992675781       Medium Revenue
C1059                                              Myra Verma Labs                                    658.679992675781       Medium Revenue
C1258                                              Myra Verma Technologies                            658.679992675781       Medium Revenue
C1361                                              Meera Khan Systems                                 658.679992675781       Medium Revenue
C1056                                              Kavya Rao Systems                                  658.679992675781       Medium Revenue
C1091                                              Myra Nair Solutions                                618.760009765625       Medium Revenue
C1332                                              Diya Singh Labs                                    618.760009765625       Medium Revenue
C1356                                              Divya Joshi Industries                             618.760009765625       Medium Revenue
C1348                                              Aditya Menon Labs                                  618.760009765625       Medium Revenue
C1085                                              Aditya Reddy Group                                 618.760009765625       Medium Revenue
C1246                                              Aditya Sharma Group                                618.760009765625       Medium Revenue
C1153                                              Aadhya Patel Solutions                             618.760009765625       Medium Revenue
C1005                                              Tara Joshi Systems                                 618.760009765625       Medium Revenue
C1150                                              Rahul Singh Technologies                           578.840026855469       Medium Revenue
C1233                                              Deepak Patel Labs                                  578.840026855469       Medium Revenue
C1187                                              Pooja Gupta Group                                  578.840026855469       Medium Revenue
C1330                                              Ananya Sharma Group                                538.919982910156       Medium Revenue
C1212                                              Sai Verma Solutions                                538.919982910156       Medium Revenue
C1131                                              Aditya Menon Industries                            525.359985351563       Medium Revenue
C1041                                              Sanjay Khan Systems                                437.799987792969       Low Revenue
C1214                                              Sneha Sharma Technologies                          405.959991455078       Low Revenue
C1183                                              Sanjay Gupta Labs                                  402.799987792969       Low Revenue
C1052                                              Aadhya Reddy Labs                                  390.040008544922       Low Revenue
C1378                                              Sneha Reddy Solutions                              383.19998550415        Low Revenue
C1299                                              Rahul Iyer Group                                   374.119995117188       Low Revenue
C1237                                              Arun Rao Systems                                   358.200012207031       Low Revenue
C1294                                              Meera Singh Group                                  358.200012207031       Low Revenue
C1062                                              Kavya Das Solutions                                358.200012207031       Low Revenue
C1328                                              Karthik Nair Labs                                  342.279998779297       Low Revenue
C1190                                              Myra Joshi Solutions                               342.279998779297       Low Revenue
C1401                                              Naveen Gupta Solutions                             342.279998779297       Low Revenue
C1033                                              Arun Sharma Industries                             342.279998779297       Low Revenue
C1137                                              Arun Verma Labs                                    342.279998779297       Low Revenue
C1266                                              Arun Nair Systems                                  342.279998779297       Low Revenue
C1262                                              Arun Joshi Group                                   342.279998779297       Low Revenue
C1316                                              Deepak Reddy Group                                 342.279998779297       Low Revenue
C1274                                              Aadhya Khan Systems                                342.279998779297       Low Revenue
C1338                                              Aadhya Singh Systems                               342.279998779297       Low Revenue
C1090                                              Aarav Menon Group                                  326.359985351563       Low Revenue
C1019                                              Deepak Nair Labs                                   326.359985351563       Low Revenue
C1071                                              Arjun Patel Labs                                   326.359985351563       Low Revenue
C1317                                              Divya Patel Systems                                326.359985351563       Low Revenue
C1417                                              Naveen Patel Technologies                          326.359985351563       Low Revenue
C1418                                              Naveen Patel Technologies                          326.359985351563       Low Revenue
C1286                                              Krishna Khan Solutions                             326.359985351563       Low Revenue
C1346                                              Krishna Sharma Group                               326.359985351563       Low Revenue
C1142                                              Kavya Reddy Technologies                           326.359985351563       Low Revenue
C1410                                              Isha Khan Technologies                             326.359985351563       Low Revenue
C1178                                              Isha Menon Solutions                               326.359985351563       Low Revenue
C1040                                              Reyansh Nair Labs                                  326.359985351563       Low Revenue
C1312                                              Saanvi Bose Labs                                   326.359985351563       Low Revenue
C1396                                              Sai Joshi Systems                                  326.359985351563       Low Revenue
C1067                                              Tara Khan Group                                    326.359985351563       Low Revenue
C1414                                              Zoya Joshi Solutions                               326.359985351563       Low Revenue
C1398                                              Zoya Rao Group                                     326.359985351563       Low Revenue
C1320                                              Vihaan Nair Labs                                   326.359985351563       Low Revenue
C1376                                              Vivaan Khan Systems                                310.440002441406       Low Revenue
C1053                                              Sanjay Joshi Group                                 310.440002441406       Low Revenue
C1207                                              Sneha Gupta Technologies                           310.440002441406       Low Revenue
C1388                                              Sai Bose Group                                     310.440002441406       Low Revenue
C1080                                              Rohan Sharma Group                                 310.440002441406       Low Revenue
C1255                                              Riya Joshi Labs                                    310.440002441406       Low Revenue
C1254                                              Rohan Nair Technologies                            310.440002441406       Low Revenue
C1088                                              Reyansh Das Technologies                           310.440002441406       Low Revenue
C1120                                              Pooja Rao Solutions                                310.440002441406       Low Revenue
C1314                                              Isha Joshi Industries                              310.440002441406       Low Revenue
C1061                                              Isha Gupta Group                                   310.440002441406       Low Revenue
C1189                                              Kiara Patel Group                                  310.440002441406       Low Revenue
C1331                                              Krishna Bose Industries                            310.440002441406       Low Revenue
C1363                                              Pooja Gupta Group                                  310.440002441406       Low Revenue
C1387                                              Arun Nair Solutions                                310.440002441406       Low Revenue
C1096                                              Deepak Gupta Labs                                  310.440002441406       Low Revenue
C1122                                              Aarav Gupta Technologies                           310.440002441406       Low Revenue
C1171                                              Aditya Khan Industries                             294.519989013672       Low Revenue
C1265                                              Aditya Reddy Solutions                             294.519989013672       Low Revenue
C1082                                              Aadhya Nair Systems                                294.519989013672       Low Revenue
C1269                                              Aadhya Patel Solutions                             294.519989013672       Low Revenue
C1322                                              Arjun Khan Systems                                 294.519989013672       Low Revenue
C1400                                              Arjun Bose Solutions                               294.519989013672       Low Revenue
C1028                                              Ananya Gupta Solutions                             294.519989013672       Low Revenue
C1136                                              Deepak Bose Group                                  294.519989013672       Low Revenue
C1319                                              Divya Bose Group                                   294.519989013672       Low Revenue
C1419                                              Diya Nair Industries                               294.519989013672       Low Revenue
C1152                                              Nikita Verma Technologies                          294.519989013672       Low Revenue
C1355                                              Nikita Reddy Technologies                          294.519989013672       Low Revenue
C1211                                              Krishna Iyer Solutions                             294.519989013672       Low Revenue
C1084                                              Meera Patel Industries                             294.519989013672       Low Revenue
C1271                                              Myra Gupta Industries                              294.519989013672       Low Revenue
C1277                                              Kiara Gupta Industries                             294.519989013672       Low Revenue
C1372                                              Isha Joshi Group                                   294.519989013672       Low Revenue
C1031                                              Isha Khan Technologies                             294.519989013672       Low Revenue
C1270                                              Farhan Menon Group                                 294.519989013672       Low Revenue
C1146                                              Priya Iyer Technologies                            294.519989013672       Low Revenue
C1074                                              Priya Khan Group                                   294.519989013672       Low Revenue
C1345                                              Rahul Gupta Group                                  294.519989013672       Low Revenue
C1089                                              Reyansh Bose Solutions                             294.519989013672       Low Revenue
C1046                                              Tara Patel Industries                              294.519989013672       Low Revenue
C1110                                              Tara Sharma Solutions                              294.519989013672       Low Revenue
C1185                                              Zoya Rao Labs                                      294.519989013672       Low Revenue
C1101                                              Zoya Bose Industries                               294.519989013672       Low Revenue
C1003                                              Zoya Das Systems                                   278.600006103516       Low Revenue
C1406                                              Vihaan Joshi Group                                 278.600006103516       Low Revenue
C1223                                              Vihaan Joshi Industries                            278.600006103516       Low Revenue
C1393                                              Sneha Bose Technologies                            278.600006103516       Low Revenue
C1394                                              Sai Menon Group                                    278.600006103516       Low Revenue
C1293                                              Tara Joshi Systems                                 278.600006103516       Low Revenue
C1010                                              Tara Iyer Labs                                     278.600006103516       Low Revenue
C1307                                              Rahul Reddy Technologies                           278.600006103516       Low Revenue
C1390                                              Rahul Reddy Labs                                   278.600006103516       Low Revenue
C1072                                              Rohan Gupta Technologies                           278.600006103516       Low Revenue
C1403                                              Sai Khan Labs                                      278.600006103516       Low Revenue
C1001                                              Ishaan Joshi Systems                               278.600006103516       Low Revenue
C1118                                              Ishaan Reddy Group                                 278.600006103516       Low Revenue
C1366                                              Kavya Verma Labs                                   278.600006103516       Low Revenue
C1163                                              Meera Menon Industries                             278.600006103516       Low Revenue
C1300                                              Krishna Sharma Solutions                           278.600006103516       Low Revenue
C1124                                              Krishna Sharma Systems                             278.600006103516       Low Revenue
C1339                                              Nikita Iyer Group                                  278.600006103516       Low Revenue
C1193                                              Diya Menon Systems                                 278.600006103516       Low Revenue
C1127                                              Divya Gupta Labs                                   278.600006103516       Low Revenue
C1141                                              Ananya Joshi Industries                            278.600006103516       Low Revenue
C1199                                              Aman Singh Labs                                    278.600006103516       Low Revenue
C1295                                              Aman Joshi Group                                   278.600006103516       Low Revenue
C1280                                              Aman Patel Systems                                 278.600006103516       Low Revenue
C1420                                              Arun Gupta Technologies                            278.600006103516       Low Revenue
C1140                                              Aarav Nair Systems                                 278.600006103516       Low Revenue
C1167                                              Aarav Patel Labs                                   278.600006103516       Low Revenue
C1333                                              Aditya Nair Systems                                278.600006103516       Low Revenue
C1305                                              Ananya Reddy Solutions                             262.679992675781       Low Revenue
C1068                                              Ananya Gupta Industries                            262.679992675781       Low Revenue
C1292                                              Divya Sharma Technologies                          262.679992675781       Low Revenue
C1025                                              Diya Singh Labs                                    262.679992675781       Low Revenue
C1344                                              Naveen Verma Technologies                          262.679992675781       Low Revenue
C1371                                              Nikita Singh Technologies                          262.679992675781       Low Revenue
C1289                                              Karthik Patel Systems                              262.679992675781       Low Revenue
C1109                                              Kiara Verma Industries                             262.679992675781       Low Revenue
C1411                                              Saanvi Verma Technologies                          262.679992675781       Low Revenue
C1357                                              Saanvi Menon Labs                                  262.679992675781       Low Revenue
C1011                                              Rohan Iyer Solutions                               262.679992675781       Low Revenue
C1402                                              Rohan Reddy Industries                             262.679992675781       Low Revenue
C1051                                              Priya Gupta Labs                                   262.679992675781       Low Revenue
C1147                                              Vivaan Khan Technologies                           262.679992675781       Low Revenue
C1002                                              Tara Sharma Technologies                           246.759994506836       Low Revenue
C1024                                              Vivaan Verma Solutions                             246.759994506836       Low Revenue
C1038                                              Sneha Menon Industries                             246.759994506836       Low Revenue
C1015                                              Sanjay Gupta Industries                            246.759994506836       Low Revenue
C1161                                              Sneha Das Systems                                  246.759994506836       Low Revenue
C1044                                              Krishna Bose Solutions                             246.759994506836       Low Revenue
C1413                                              Kiara Joshi Solutions                              246.759994506836       Low Revenue
C1226                                              Ishaan Patel Industries                            246.759994506836       Low Revenue
C1135                                              Nikita Menon Solutions                             246.759994506836       Low Revenue
C1276                                              Myra Reddy Industries                              246.759994506836       Low Revenue
C1405                                              Deepak Gupta Labs                                  246.759994506836       Low Revenue
C1231                                              Aditya Patel Group                                 246.759994506836       Low Revenue
C1157                                              Meera Joshi Solutions                              230.839996337891       Low Revenue
C1228                                              Kiara Sharma Solutions                             230.839996337891       Low Revenue
C1181                                              Isha Reddy Labs                                    230.839996337891       Low Revenue
C1287                                              Farhan Nair Industries                             230.839996337891       Low Revenue
C1301                                              Sanjay Verma Industries                            230.839996337891       Low Revenue
C1174                                              Vivaan Verma Systems                               230.839996337891       Low Revenue
C1337                                              Rohan Patel Systems                                230.839996337891       Low Revenue
C1213                                              Nikita Verma Labs                                  214.919998168945       Low Revenue
C1106                                              Ananya Singh Group                                 199                    Low Revenue
C1219                                              Tara Nair Group                                    160.720001220703       Low Revenue
C1253                                              Karthik Rao Solutions                              156.800003051758       Low Revenue
C1225                                              Diya Patel Industries                              129.360000610352       Low Revenue
C1196                                              Ananya Singh Industries                            99.9599990844727       Low Revenue
C1354                                              Vivaan Reddy Group                                 99.9599990844727       Low Revenue
C1126                                              Sneha Iyer Group                                   96.0400009155273       Low Revenue
C1123                                              Vihaan Joshi Solutions                             92.120002746582        Low Revenue
C1383                                              Myra Patel Solutions                               92.120002746582        Low Revenue
C1125                                              Kiara Verma Systems                                88.1999969482422       Low Revenue
C1099                                              Ishaan Patel Group                                 88.1999969482422       Low Revenue
C1066                                              Ishaan Reddy Solutions                             88.1999969482422       Low Revenue
C1340                                              Zoya Joshi Technologies                            88.1999969482422       Low Revenue
C1197                                              Sanjay Menon Industries                            88.1999969482422       Low Revenue
C1238                                              Tara Gupta Technologies                            88.1999969482422       Low Revenue
C1128                                              Sneha Rao Industries                               88.1999969482422       Low Revenue
C1115                                              Rahul Rao Labs                                     88.1999969482422       Low Revenue
C1143                                              Reyansh Menon Solutions                            88.1999969482422       Low Revenue
C1218                                              Reyansh Joshi Group                                84.2799987792969       Low Revenue
C1073                                              Vivaan Menon Group                                 84.2799987792969       Low Revenue
C1158                                              Farhan Nair Labs                                   84.2799987792969       Low Revenue
C1283                                              Kiara Nair Industries                              84.2799987792969       Low Revenue
C1138                                              Meera Sharma Labs                                  84.2799987792969       Low Revenue
C1245                                              Aadhya Sharma Labs                                 84.2799987792969       Low Revenue
C1192                                              Deepak Nair Technologies                           84.2799987792969       Low Revenue
C1268                                              Deepak Patel Industries                            80.3600006103516       Low Revenue
C1159                                              Deepak Bose Systems                                80.3600006103516       Low Revenue
C1083                                              Deepak Das Group                                   80.3600006103516       Low Revenue
C1279                                              Divya Verma Solutions                              80.3600006103516       Low Revenue
C1133                                              Divya Nair Solutions                               80.3600006103516       Low Revenue
C1004                                              Diya Joshi Labs                                    80.3600006103516       Low Revenue
C1309                                              Diya Gupta Labs                                    80.3600006103516       Low Revenue
C1114                                              Aadhya Das Industries                              80.3600006103516       Low Revenue
C1069                                              Aadhya Joshi Systems                               80.3600006103516       Low Revenue
C1060                                              Aarav Reddy Systems                                80.3600006103516       Low Revenue
C1036                                              Krishna Sharma Solutions                           80.3600006103516       Low Revenue
C1077                                              Krishna Nair Industries                            80.3600006103516       Low Revenue
C1130                                              Nikita Iyer Technologies                           80.3600006103516       Low Revenue
C1116                                              Isha Gupta Group                                   80.3600006103516       Low Revenue
C1221                                              Rahul Gupta Solutions                              80.3600006103516       Low Revenue
C1164                                              Saanvi Menon Systems                               80.3600006103516       Low Revenue
C1047                                              Rohan Das Technologies                             80.3600006103516       Low Revenue
C1078                                              Rohan Patel Group                                  76.4400024414063       Low Revenue
C1351                                              Priya Gupta Systems                                76.4400024414063       Low Revenue
C1057                                              Reyansh Joshi Industries                           76.4400024414063       Low Revenue
C1021                                              Vivaan Singh Systems                               76.4400024414063       Low Revenue
C1367                                              Kiara Gupta Industries                             76.4400024414063       Low Revenue
C1173                                              Kiara Bose Labs                                    76.4400024414063       Low Revenue
C1329                                              Kavya Das Group                                    76.4400024414063       Low Revenue
C1216                                              Nikita Khan Systems                                76.4400024414063       Low Revenue
C1326                                              Naveen Sharma Labs                                 76.4400024414063       Low Revenue
C1039                                              Arjun Iyer Systems                                 76.4400024414063       Low Revenue
C1342                                              Divya Joshi Systems                                76.4400024414063       Low Revenue
C1170                                              Diya Verma Industries                              76.4400024414063       Low Revenue
C1347                                              Deepak Khan Solutions                              72.5199966430664       Low Revenue
C1119                                              Deepak Verma Systems                               72.5199966430664       Low Revenue
C1165                                              Arjun Das Solutions                                72.5199966430664       Low Revenue
C1306                                              Ananya Nair Systems                                72.5199966430664       Low Revenue
C1112                                              Aarav Singh Labs                                   72.5199966430664       Low Revenue
C1095                                              Aarav Das Industries                               72.5199966430664       Low Revenue
C1386                                              Naveen Singh Technologies                          72.5199966430664       Low Revenue
C1278                                              Meera Sharma Industries                            72.5199966430664       Low Revenue
C1244                                              Myra Sharma Industries                             72.5199966430664       Low Revenue
C1177                                              Isha Gupta Group                                   72.5199966430664       Low Revenue
C1343                                              Isha Iyer Technologies                             72.5199966430664       Low Revenue
C1104                                              Farhan Iyer Group                                  72.5199966430664       Low Revenue
C1303                                              Farhan Khan Systems                                72.5199966430664       Low Revenue
C1229                                              Farhan Verma Technologies                          72.5199966430664       Low Revenue
C1176                                              Sneha Khan Technologies                            72.5199966430664       Low Revenue
C1236                                              Saanvi Rao Industries                              72.5199966430664       Low Revenue
C1020                                              Saanvi Menon Group                                 68.5999984741211       Low Revenue
C1409                                              Saanvi Iyer Industries                             68.5999984741211       Low Revenue
C1108                                              Saanvi Joshi Systems                               68.5999984741211       Low Revenue
C1064                                              Riya Sharma Technologies                           68.5999984741211       Low Revenue
C1014                                              Rahul Patel Industries                             68.5999984741211       Low Revenue
C1145                                              Pooja Reddy Solutions                              68.5999984741211       Low Revenue
C1323                                              Pooja Verma Labs                                   68.5999984741211       Low Revenue
C1180                                              Rahul Menon Labs                                   68.5999984741211       Low Revenue
C1375                                              Tara Bose Group                                    68.5999984741211       Low Revenue
C1191                                              Sai Patel Industries                               68.5999984741211       Low Revenue
C1382                                              Sai Singh Systems                                  68.5999984741211       Low Revenue
C1235                                              Vivaan Bose Technologies                           68.5999984741211       Low Revenue
C1234                                              Farhan Singh Industries                            68.5999984741211       Low Revenue
C1160                                              Ishaan Singh Group                                 68.5999984741211       Low Revenue
C1391                                              Nikita Verma Industries                            68.5999984741211       Low Revenue
C1321                                              Nikita Sharma Group                                68.5999984741211       Low Revenue
C1408                                              Aarav Reddy Labs                                   68.5999984741211       Low Revenue
C1092                                              Aman Sharma Solutions                              68.5999984741211       Low Revenue
C1139                                              Arjun Menon Group                                  68.5999984741211       Low Revenue
C1055                                              Arun Rao Technologies                              68.5999984741211       Low Revenue
C1353                                              Farhan Gupta Labs                                  68.5999984741211       Low Revenue
C1097                                              Diya Gupta Industries                              68.5999984741211       Low Revenue
C1358                                              Diya Das Systems                                   64.6800003051758       Low Revenue
C1392                                              Ananya Rao Industries                              64.6800003051758       Low Revenue
C1081                                              Ananya Nair Group                                  64.6800003051758       Low Revenue
C1240                                              Aadhya Gupta Group                                 64.6800003051758       Low Revenue
C1243                                              Aditya Patel Solutions                             64.6800003051758       Low Revenue
C1362                                              Aditya Patel Solutions                             64.6800003051758       Low Revenue
C1107                                              Isha Nair Technologies                             64.6800003051758       Low Revenue
C1304                                              Karthik Sharma Group                               64.6800003051758       Low Revenue
C1311                                              Kavya Rao Labs                                     64.6800003051758       Low Revenue
C1070                                              Kiara Das Solutions                                64.6800003051758       Low Revenue
C1318                                              Vihaan Sharma Labs                                 64.6800003051758       Low Revenue
C1022                                              Rahul Singh Technologies                           64.6800003051758       Low Revenue
C1058                                              Riya Das Labs                                      64.6800003051758       Low Revenue
C1017                                              Rahul Reddy Solutions                              60.7599983215332       Low Revenue
C1215                                              Zoya Patel Solutions                               60.7599983215332       Low Revenue
C1179                                              Sneha Iyer Solutions                               60.7599983215332       Low Revenue
C1200                                              Kavya Rao Industries                               60.7599983215332       Low Revenue
C1379                                              Pooja Rao Labs                                     60.7599983215332       Low Revenue
C1032                                              Naveen Menon Industries                            60.7599983215332       Low Revenue
C1373                                              Naveen Patel Group                                 60.7599983215332       Low Revenue
C1042                                              Meera Iyer Industries                              60.7599983215332       Low Revenue
C1087                                              Diya Iyer Labs                                     60.7599983215332       Low Revenue
C1291                                              Diya Rao Systems                                   60.7599983215332       Low Revenue
C1208                                              Deepak Das Group                                   60.7599983215332       Low Revenue
C1360                                              Deepak Gupta Group                                 60.7599983215332       Low Revenue
C1210                                              Deepak Patel Technologies                          56.8400001525879       Low Revenue
C1168                                              Aditya Joshi Solutions                             56.8400001525879       Low Revenue
C1175                                              Pooja Bose Solutions                               56.8400001525879       Low Revenue
C1134                                              Tara Reddy Industries                              56.8400001525879       Low Revenue
C1063                                              Rahul Menon Systems                                56.8400001525879       Low Revenue
C1298                                              Riya Menon Systems                                 56.8400001525879       Low Revenue
C1368                                              Priya Singh Solutions                              52.9199981689453       Low Revenue
C1315                                              Arjun Das Solutions                                52.9199981689453       Low Revenue

(420 rows affected)

CustomerID                                         CompanyName                                        Total_MRR
-------------------------------------------------- -------------------------------------------------- ----------------------
C1049                                              Farhan Gupta Labs                                  4676.88012695313
C1194                                              Zoya Bose Group                                    3957.36010742188
C1395                                              Deepak Patel Labs                                  3177.8798828125
C1103                                              Pooja Menon Group                                  3057.9599609375
C1144                                              Aditya Sharma Technologies                         2698.19995117188
C1242                                              Deepak Bose Group                                  2648.87994384766
C1195                                              Aman Gupta Labs                                    2578.28002929688
C1352                                              Aditya Patel Industries                            2578.28002929688
C1045                                              Kavya Verma Solutions                              2578.28002929688
C1034                                              Sneha Rao Industries                               2578.28002929688
C1113                                              Riya Iyer Technologies                             2578.28002929688
C1290                                              Riya Singh Systems                                 2578.28002929688
C1076                                              Arun Khan Labs                                     2542.64010620117
C1412                                              Farhan Verma Solutions                             2534.80010986328
C1324                                              Karthik Reddy Technologies                         2458.36010742188
C1030                                              Rohan Bose Solutions                               2458.36010742188
C1349                                              Krishna Joshi Systems                              2458.36010742188
C1308                                              Naveen Gupta Labs                                  2458.36010742188
C1325                                              Ishaan Reddy Group                                 2338.43994140625
C1166                                              Deepak Joshi Industries                            2338.43994140625
C1263                                              Deepak Reddy Industries                            2338.43994140625
C1204                                              Aman Reddy Systems                                 2338.43994140625
C1198                                              Ananya Sharma Labs                                 2218.52001953125
C1102                                              Deepak Iyer Solutions                              2218.52001953125
C1341                                              Isha Singh Group                                   2218.52001953125
C1381                                              Diya Nair Systems                                  2218.52001953125
C1156                                              Diya Sharma Technologies                           2218.52001953125
C1272                                              Pooja Joshi Industries                             2218.52001953125
C1385                                              Vihaan Das Group                                   2218.52001953125
C1241                                              Rohan Iyer Group                                   2098.60009765625
C1009                                              Rohan Patel Technologies                           2098.60009765625
C1100                                              Priya Gupta Solutions                              2098.60009765625
C1267                                              Nikita Rao Industries                              2098.60009765625
C1155                                              Naveen Verma Technologies                          2098.60009765625
C1327                                              Nikita Menon Group                                 2098.60009765625
C1018                                              Myra Khan Systems                                  2098.60009765625
C1369                                              Meera Reddy Industries                             2098.60009765625
C1252                                              Meera Sharma Industries                            2098.60009765625
C1281                                              Farhan Das Group                                   2098.60009765625
C1162                                              Divya Nair Technologies                            2098.60009765625
C1384                                              Arjun Joshi Technologies                           2098.60009765625
C1035                                              Arjun Gupta Industries                             1978.68005371094
C1182                                              Arun Menon Labs                                    1978.68005371094
C1350                                              Deepak Gupta Labs                                  1978.68005371094
C1364                                              Aarav Bose Labs                                    1978.68005371094
C1037                                              Diya Das Industries                                1978.68005371094
C1313                                              Krishna Joshi Solutions                            1978.68005371094
C1012                                              Meera Patel Labs                                   1978.68005371094
C1282                                              Nikita Menon Solutions                             1978.68005371094
C1256                                              Sai Gupta Technologies                             1978.68005371094
C1334                                              Sai Menon Group                                    1978.68005371094
C1250                                              Sai Rao Industries                                 1978.68005371094
C1261                                              Reyansh Menon Labs                                 1978.68005371094
C1149                                              Vivaan Verma Technologies                          1978.68005371094
C1284                                              Zoya Das Group                                     1978.68005371094
C1013                                              Farhan Das Industries                              1931.28000640869
C1094                                              Isha Nair Solutions                                1858.76000976563
C1121                                              Ishaan Singh Group                                 1858.76000976563
C1257                                              Vihaan Patel Solutions                             1858.76000976563
C1217                                              Sai Iyer Industries                                1858.76000976563
C1201                                              Naveen Patel Labs                                  1858.76000976563
C1050                                              Arun Khan Solutions                                1825.35998535156
C1239                                              Pooja Nair Solutions                               1738.83996582031
C1006                                              Sanjay Reddy Labs                                  1618.92004394531
C1380                                              Ishaan Reddy Labs                                  1618.92004394531
C1288                                              Kiara Das Labs                                     1618.92004394531
C1275                                              Nikita Verma Technologies                          1499
C1202                                              Karthik Iyer Labs                                  1112.87997436523
C1230                                              Ishaan Patel Industries                            1009.03997802734
C1016                                              Diya Singh Industries                              978.039978027344
C1397                                              Divya Reddy Group                                  938.119995117188
C1224                                              Isha Patel Technologies                            898.200012207031
C1065                                              Priya Verma Systems                                898.200012207031
C1203                                              Saanvi Reddy Industries                            858.280029296875
C1129                                              Farhan Reddy Labs                                  858.280029296875
C1251                                              Diya Khan Group                                    818.359985351563
C1086                                              Karthik Sharma Systems                             818.359985351563
C1054                                              Arjun Bose Group                                   818.359985351563
C1273                                              Ananya Menon Systems                               818.359985351563
C1222                                              Aarav Verma Labs                                   818.359985351563
C1172                                              Reyansh Menon Industries                           818.359985351563
C1008                                              Nikita Gupta Solutions                             818.359985351563
C1184                                              Meera Verma Group                                  818.359985351563
C1098                                              Myra Nair Systems                                  818.359985351563
C1260                                              Meera Iyer Technologies                            818.359985351563
C1023                                              Meera Menon Industries                             778.440002441406
C1404                                              Rahul Nair Labs                                    778.440002441406
C1259                                              Priya Reddy Systems                                778.440002441406
C1310                                              Riya Das Technologies                              778.440002441406
C1188                                              Tara Rao Industries                                778.440002441406
C1027                                              Vihaan Bose Group                                  778.440002441406
C1415                                              Sneha Rao Group                                    778.440002441406
C1374                                              Ananya Joshi Industries                            778.440002441406
C1151                                              Aman Gupta Solutions                               778.440002441406
C1079                                              Arun Rao Industries                                778.440002441406
C1148                                              Divya Bose Solutions                               778.440002441406
C1335                                              Karthik Rao Systems                                778.440002441406
C1302                                              Ishaan Singh Industries                            778.440002441406
C1285                                              Isha Verma Solutions                               778.440002441406
C1365                                              Diya Joshi Industries                              778.440002441406
C1205                                              Isha Joshi Labs                                    778.440002441406
C1132                                              Sneha Khan Solutions                               775.039978027344
C1206                                              Zoya Gupta Group                                   738.52001953125
C1232                                              Rohan Bose Systems                                 738.52001953125
C1389                                              Meera Sharma Industries                            738.52001953125
C1407                                              Meera Gupta Labs                                   738.52001953125
C1186                                              Diya Rao Technologies                              738.52001953125
C1248                                              Farhan Bose Solutions                              738.52001953125
C1075                                              Ishaan Khan Industries                             738.52001953125
C1247                                              Karthik Sharma Technologies                        738.52001953125
C1117                                              Arun Gupta Labs                                    738.52001953125
C1154                                              Kiara Das Group                                    723.359992980957
C1227                                              Karthik Das Industries                             698.599975585938
C1043                                              Aadhya Khan Systems                                698.599975585938
C1264                                              Aarav Nair Solutions                               698.599975585938
C1249                                              Ananya Singh Solutions                             698.599975585938
C1297                                              Naveen Sharma Technologies                         698.599975585938
C1105                                              Riya Gupta Labs                                    698.599975585938
C1029                                              Sai Khan Technologies                              698.599975585938
C1377                                              Zoya Bose Technologies                             698.599975585938
C1026                                              Vivaan Singh Solutions                             698.599975585938
C1416                                              Sneha Sharma Systems                               658.679992675781
C1336                                              Sai Reddy Industries                               658.679992675781
C1007                                              Sai Das Technologies                               658.679992675781
C1296                                              Saanvi Khan Group                                  658.679992675781
C1169                                              Reyansh Menon Solutions                            658.679992675781
C1059                                              Myra Verma Labs                                    658.679992675781
C1258                                              Myra Verma Technologies                            658.679992675781
C1361                                              Meera Khan Systems                                 658.679992675781
C1111                                              Priya Khan Industries                              658.679992675781
C1209                                              Rahul Khan Systems                                 658.679992675781
C1048                                              Aman Singh Labs                                    658.679992675781
C1093                                              Aarav Joshi Technologies                           658.679992675781
C1399                                              Aman Patel Technologies                            658.679992675781
C1359                                              Aman Rao Group                                     658.679992675781
C1370                                              Arun Joshi Group                                   658.679992675781
C1056                                              Kavya Rao Systems                                  658.679992675781
C1220                                              Diya Rao Solutions                                 658.679992675781

(138 rows affected)

CustomerID           CompanyName                                                                                                                                            Total_Logins           Total_ActiveUsers      Total_APICalls         Total_SessionMinutes
-------------------- ------------------------------------------------------------------------------------------------------------------------------------------------------ ---------------------- ---------------------- ---------------------- ----------------------

(0 rows affected)

CustomerID                                         CompanyName                                        Total_MRR              MRR_Rank
-------------------------------------------------- -------------------------------------------------- ---------------------- --------------------
C1049                                              Farhan Gupta Labs                                  4676.88012695313       1
C1194                                              Zoya Bose Group                                    3957.36010742188       2
C1395                                              Deepak Patel Labs                                  3177.8798828125        3
C1103                                              Pooja Menon Group                                  3057.9599609375        4
C1144                                              Aditya Sharma Technologies                         2698.19995117188       5
C1242                                              Deepak Bose Group                                  2648.87994384766       6
C1195                                              Aman Gupta Labs                                    2578.28002929688       7
C1113                                              Riya Iyer Technologies                             2578.28002929688       7
C1045                                              Kavya Verma Solutions                              2578.28002929688       7
C1034                                              Sneha Rao Industries                               2578.28002929688       7
C1290                                              Riya Singh Systems                                 2578.28002929688       7
C1352                                              Aditya Patel Industries                            2578.28002929688       7
C1076                                              Arun Khan Labs                                     2542.64010620117       13
C1412                                              Farhan Verma Solutions                             2534.80010986328       14
C1349                                              Krishna Joshi Systems                              2458.36010742188       15
C1324                                              Karthik Reddy Technologies                         2458.36010742188       15
C1308                                              Naveen Gupta Labs                                  2458.36010742188       15
C1030                                              Rohan Bose Solutions                               2458.36010742188       15
C1204                                              Aman Reddy Systems                                 2338.43994140625       19
C1166                                              Deepak Joshi Industries                            2338.43994140625       19
C1263                                              Deepak Reddy Industries                            2338.43994140625       19
C1325                                              Ishaan Reddy Group                                 2338.43994140625       19
C1341                                              Isha Singh Group                                   2218.52001953125       23
C1381                                              Diya Nair Systems                                  2218.52001953125       23
C1385                                              Vihaan Das Group                                   2218.52001953125       23
C1272                                              Pooja Joshi Industries                             2218.52001953125       23
C1156                                              Diya Sharma Technologies                           2218.52001953125       23
C1198                                              Ananya Sharma Labs                                 2218.52001953125       23
C1102                                              Deepak Iyer Solutions                              2218.52001953125       23
C1100                                              Priya Gupta Solutions                              2098.60009765625       30
C1009                                              Rohan Patel Technologies                           2098.60009765625       30
C1018                                              Myra Khan Systems                                  2098.60009765625       30
C1162                                              Divya Nair Technologies                            2098.60009765625       30
C1155                                              Naveen Verma Technologies                          2098.60009765625       30
C1267                                              Nikita Rao Industries                              2098.60009765625       30
C1252                                              Meera Sharma Industries                            2098.60009765625       30
C1241                                              Rohan Iyer Group                                   2098.60009765625       30
C1384                                              Arjun Joshi Technologies                           2098.60009765625       30
C1369                                              Meera Reddy Industries                             2098.60009765625       30
C1327                                              Nikita Menon Group                                 2098.60009765625       30
C1281                                              Farhan Das Group                                   2098.60009765625       30
C1282                                              Nikita Menon Solutions                             1978.68005371094       42
C1313                                              Krishna Joshi Solutions                            1978.68005371094       42
C1334                                              Sai Menon Group                                    1978.68005371094       42
C1350                                              Deepak Gupta Labs                                  1978.68005371094       42
C1364                                              Aarav Bose Labs                                    1978.68005371094       42
C1250                                              Sai Rao Industries                                 1978.68005371094       42
C1256                                              Sai Gupta Technologies                             1978.68005371094       42
C1261                                              Reyansh Menon Labs                                 1978.68005371094       42
C1284                                              Zoya Das Group                                     1978.68005371094       42
C1149                                              Vivaan Verma Technologies                          1978.68005371094       42
C1182                                              Arun Menon Labs                                    1978.68005371094       42
C1012                                              Meera Patel Labs                                   1978.68005371094       42
C1035                                              Arjun Gupta Industries                             1978.68005371094       42
C1037                                              Diya Das Industries                                1978.68005371094       42
C1013                                              Farhan Das Industries                              1931.28000640869       56
C1094                                              Isha Nair Solutions                                1858.76000976563       57
C1121                                              Ishaan Singh Group                                 1858.76000976563       57
C1201                                              Naveen Patel Labs                                  1858.76000976563       57
C1257                                              Vihaan Patel Solutions                             1858.76000976563       57
C1217                                              Sai Iyer Industries                                1858.76000976563       57
C1050                                              Arun Khan Solutions                                1825.35998535156       62
C1239                                              Pooja Nair Solutions                               1738.83996582031       63
C1006                                              Sanjay Reddy Labs                                  1618.92004394531       64
C1380                                              Ishaan Reddy Labs                                  1618.92004394531       64
C1288                                              Kiara Das Labs                                     1618.92004394531       64
C1275                                              Nikita Verma Technologies                          1499                   67
C1202                                              Karthik Iyer Labs                                  1112.87997436523       68
C1230                                              Ishaan Patel Industries                            1009.03997802734       69
C1016                                              Diya Singh Industries                              978.039978027344       70
C1397                                              Divya Reddy Group                                  938.119995117188       71
C1065                                              Priya Verma Systems                                898.200012207031       72
C1224                                              Isha Patel Technologies                            898.200012207031       72
C1203                                              Saanvi Reddy Industries                            858.280029296875       74
C1129                                              Farhan Reddy Labs                                  858.280029296875       74
C1098                                              Myra Nair Systems                                  818.359985351563       76
C1086                                              Karthik Sharma Systems                             818.359985351563       76
C1054                                              Arjun Bose Group                                   818.359985351563       76
C1008                                              Nikita Gupta Solutions                             818.359985351563       76
C1184                                              Meera Verma Group                                  818.359985351563       76
C1172                                              Reyansh Menon Industries                           818.359985351563       76
C1222                                              Aarav Verma Labs                                   818.359985351563       76
C1273                                              Ananya Menon Systems                               818.359985351563       76
C1251                                              Diya Khan Group                                    818.359985351563       76
C1260                                              Meera Iyer Technologies                            818.359985351563       76
C1259                                              Priya Reddy Systems                                778.440002441406       86
C1285                                              Isha Verma Solutions                               778.440002441406       86
C1151                                              Aman Gupta Solutions                               778.440002441406       86
C1148                                              Divya Bose Solutions                               778.440002441406       86
C1188                                              Tara Rao Industries                                778.440002441406       86
C1205                                              Isha Joshi Labs                                    778.440002441406       86
C1023                                              Meera Menon Industries                             778.440002441406       86
C1027                                              Vihaan Bose Group                                  778.440002441406       86
C1079                                              Arun Rao Industries                                778.440002441406       86
C1404                                              Rahul Nair Labs                                    778.440002441406       86
C1415                                              Sneha Rao Group                                    778.440002441406       86
C1365                                              Diya Joshi Industries                              778.440002441406       86
C1374                                              Ananya Joshi Industries                            778.440002441406       86
C1302                                              Ishaan Singh Industries                            778.440002441406       86
C1310                                              Riya Das Technologies                              778.440002441406       86
C1335                                              Karthik Rao Systems                                778.440002441406       86
C1132                                              Sneha Khan Solutions                               775.039978027344       102
C1117                                              Arun Gupta Labs                                    738.52001953125        103
C1075                                              Ishaan Khan Industries                             738.52001953125        103
C1206                                              Zoya Gupta Group                                   738.52001953125        103
C1186                                              Diya Rao Technologies                              738.52001953125        103
C1232                                              Rohan Bose Systems                                 738.52001953125        103
C1247                                              Karthik Sharma Technologies                        738.52001953125        103
C1248                                              Farhan Bose Solutions                              738.52001953125        103
C1389                                              Meera Sharma Industries                            738.52001953125        103
C1407                                              Meera Gupta Labs                                   738.52001953125        103
C1154                                              Kiara Das Group                                    723.359992980957       112
C1249                                              Ananya Singh Solutions                             698.599975585938       113
C1227                                              Karthik Das Industries                             698.599975585938       113
C1264                                              Aarav Nair Solutions                               698.599975585938       113
C1105                                              Riya Gupta Labs                                    698.599975585938       113
C1026                                              Vivaan Singh Solutions                             698.599975585938       113
C1029                                              Sai Khan Technologies                              698.599975585938       113
C1043                                              Aadhya Khan Systems                                698.599975585938       113
C1377                                              Zoya Bose Technologies                             698.599975585938       113
C1297                                              Naveen Sharma Technologies                         698.599975585938       113
C1296                                              Saanvi Khan Group                                  658.679992675781       122
C1336                                              Sai Reddy Industries                               658.679992675781       122
C1359                                              Aman Rao Group                                     658.679992675781       122
C1370                                              Arun Joshi Group                                   658.679992675781       122
C1361                                              Meera Khan Systems                                 658.679992675781       122
C1399                                              Aman Patel Technologies                            658.679992675781       122
C1416                                              Sneha Sharma Systems                               658.679992675781       122
C1056                                              Kavya Rao Systems                                  658.679992675781       122
C1059                                              Myra Verma Labs                                    658.679992675781       122
C1048                                              Aman Singh Labs                                    658.679992675781       122
C1007                                              Sai Das Technologies                               658.679992675781       122
C1093                                              Aarav Joshi Technologies                           658.679992675781       122
C1111                                              Priya Khan Industries                              658.679992675781       122
C1258                                              Myra Verma Technologies                            658.679992675781       122
C1220                                              Diya Rao Solutions                                 658.679992675781       122
C1169                                              Reyansh Menon Solutions                            658.679992675781       122
C1209                                              Rahul Khan Systems                                 658.679992675781       122
C1153                                              Aadhya Patel Solutions                             618.760009765625       139
C1246                                              Aditya Sharma Group                                618.760009765625       139
C1085                                              Aditya Reddy Group                                 618.760009765625       139
C1091                                              Myra Nair Solutions                                618.760009765625       139
C1005                                              Tara Joshi Systems                                 618.760009765625       139
C1356                                              Divya Joshi Industries                             618.760009765625       139
C1348                                              Aditya Menon Labs                                  618.760009765625       139
C1332                                              Diya Singh Labs                                    618.760009765625       139
C1233                                              Deepak Patel Labs                                  578.840026855469       147
C1150                                              Rahul Singh Technologies                           578.840026855469       147
C1187                                              Pooja Gupta Group                                  578.840026855469       147
C1212                                              Sai Verma Solutions                                538.919982910156       150
C1330                                              Ananya Sharma Group                                538.919982910156       150
C1131                                              Aditya Menon Industries                            525.359985351563       152
C1041                                              Sanjay Khan Systems                                437.799987792969       153
C1214                                              Sneha Sharma Technologies                          405.959991455078       154
C1183                                              Sanjay Gupta Labs                                  402.799987792969       155
C1052                                              Aadhya Reddy Labs                                  390.040008544922       156
C1378                                              Sneha Reddy Solutions                              383.19998550415        157
C1299                                              Rahul Iyer Group                                   374.119995117188       158
C1294                                              Meera Singh Group                                  358.200012207031       159
C1062                                              Kavya Das Solutions                                358.200012207031       159
C1237                                              Arun Rao Systems                                   358.200012207031       159
C1262                                              Arun Joshi Group                                   342.279998779297       162
C1266                                              Arun Nair Systems                                  342.279998779297       162
C1274                                              Aadhya Khan Systems                                342.279998779297       162
C1190                                              Myra Joshi Solutions                               342.279998779297       162
C1033                                              Arun Sharma Industries                             342.279998779297       162
C1137                                              Arun Verma Labs                                    342.279998779297       162
C1316                                              Deepak Reddy Group                                 342.279998779297       162
C1328                                              Karthik Nair Labs                                  342.279998779297       162
C1338                                              Aadhya Singh Systems                               342.279998779297       162
C1401                                              Naveen Gupta Solutions                             342.279998779297       162
C1398                                              Zoya Rao Group                                     326.359985351563       172
C1396                                              Sai Joshi Systems                                  326.359985351563       172
C1410                                              Isha Khan Technologies                             326.359985351563       172
C1417                                              Naveen Patel Technologies                          326.359985351563       172
C1418                                              Naveen Patel Technologies                          326.359985351563       172
C1414                                              Zoya Joshi Solutions                               326.359985351563       172
C1346                                              Krishna Sharma Group                               326.359985351563       172
C1317                                              Divya Patel Systems                                326.359985351563       172
C1312                                              Saanvi Bose Labs                                   326.359985351563       172
C1320                                              Vihaan Nair Labs                                   326.359985351563       172
C1142                                              Kavya Reddy Technologies                           326.359985351563       172
C1090                                              Aarav Menon Group                                  326.359985351563       172
C1040                                              Reyansh Nair Labs                                  326.359985351563       172
C1067                                              Tara Khan Group                                    326.359985351563       172
C1071                                              Arjun Patel Labs                                   326.359985351563       172
C1019                                              Deepak Nair Labs                                   326.359985351563       172
C1178                                              Isha Menon Solutions                               326.359985351563       172
C1286                                              Krishna Khan Solutions                             326.359985351563       172
C1254                                              Rohan Nair Technologies                            310.440002441406       190
C1255                                              Riya Joshi Labs                                    310.440002441406       190
C1189                                              Kiara Patel Group                                  310.440002441406       190
C1207                                              Sneha Gupta Technologies                           310.440002441406       190
C1061                                              Isha Gupta Group                                   310.440002441406       190
C1053                                              Sanjay Joshi Group                                 310.440002441406       190
C1088                                              Reyansh Das Technologies                           310.440002441406       190
C1080                                              Rohan Sharma Group                                 310.440002441406       190
C1096                                              Deepak Gupta Labs                                  310.440002441406       190
C1122                                              Aarav Gupta Technologies                           310.440002441406       190
C1120                                              Pooja Rao Solutions                                310.440002441406       190
C1314                                              Isha Joshi Industries                              310.440002441406       190
C1331                                              Krishna Bose Industries                            310.440002441406       190
C1363                                              Pooja Gupta Group                                  310.440002441406       190
C1387                                              Arun Nair Solutions                                310.440002441406       190
C1388                                              Sai Bose Group                                     310.440002441406       190
C1376                                              Vivaan Khan Systems                                310.440002441406       190
C1355                                              Nikita Reddy Technologies                          294.519989013672       207
C1372                                              Isha Joshi Group                                   294.519989013672       207
C1419                                              Diya Nair Industries                               294.519989013672       207
C1400                                              Arjun Bose Solutions                               294.519989013672       207
C1322                                              Arjun Khan Systems                                 294.519989013672       207
C1345                                              Rahul Gupta Group                                  294.519989013672       207
C1319                                              Divya Bose Group                                   294.519989013672       207
C1110                                              Tara Sharma Solutions                              294.519989013672       207
C1136                                              Deepak Bose Group                                  294.519989013672       207
C1101                                              Zoya Bose Industries                               294.519989013672       207
C1084                                              Meera Patel Industries                             294.519989013672       207
C1082                                              Aadhya Nair Systems                                294.519989013672       207
C1089                                              Reyansh Bose Solutions                             294.519989013672       207
C1046                                              Tara Patel Industries                              294.519989013672       207
C1074                                              Priya Khan Group                                   294.519989013672       207
C1031                                              Isha Khan Technologies                             294.519989013672       207
C1028                                              Ananya Gupta Solutions                             294.519989013672       207
C1185                                              Zoya Rao Labs                                      294.519989013672       207
C1171                                              Aditya Khan Industries                             294.519989013672       207
C1146                                              Priya Iyer Technologies                            294.519989013672       207
C1152                                              Nikita Verma Technologies                          294.519989013672       207
C1265                                              Aditya Reddy Solutions                             294.519989013672       207
C1277                                              Kiara Gupta Industries                             294.519989013672       207
C1269                                              Aadhya Patel Solutions                             294.519989013672       207
C1270                                              Farhan Menon Group                                 294.519989013672       207
C1271                                              Myra Gupta Industries                              294.519989013672       207
C1211                                              Krishna Iyer Solutions                             294.519989013672       207
C1223                                              Vihaan Joshi Industries                            278.600006103516       234
C1280                                              Aman Patel Systems                                 278.600006103516       234
C1163                                              Meera Menon Industries                             278.600006103516       234
C1167                                              Aarav Patel Labs                                   278.600006103516       234
C1199                                              Aman Singh Labs                                    278.600006103516       234
C1193                                              Diya Menon Systems                                 278.600006103516       234
C1010                                              Tara Iyer Labs                                     278.600006103516       234
C1001                                              Ishaan Joshi Systems                               278.600006103516       234
C1003                                              Zoya Das Systems                                   278.600006103516       234
C1072                                              Rohan Gupta Technologies                           278.600006103516       234
C1140                                              Aarav Nair Systems                                 278.600006103516       234
C1141                                              Ananya Joshi Industries                            278.600006103516       234
C1124                                              Krishna Sharma Systems                             278.600006103516       234
C1127                                              Divya Gupta Labs                                   278.600006103516       234
C1118                                              Ishaan Reddy Group                                 278.600006103516       234
C1307                                              Rahul Reddy Technologies                           278.600006103516       234
C1295                                              Aman Joshi Group                                   278.600006103516       234
C1300                                              Krishna Sharma Solutions                           278.600006103516       234
C1293                                              Tara Joshi Systems                                 278.600006103516       234
C1339                                              Nikita Iyer Group                                  278.600006103516       234
C1333                                              Aditya Nair Systems                                278.600006103516       234
C1403                                              Sai Khan Labs                                      278.600006103516       234
C1406                                              Vihaan Joshi Group                                 278.600006103516       234
C1420                                              Arun Gupta Technologies                            278.600006103516       234
C1366                                              Kavya Verma Labs                                   278.600006103516       234
C1393                                              Sneha Bose Technologies                            278.600006103516       234
C1394                                              Sai Menon Group                                    278.600006103516       234
C1390                                              Rahul Reddy Labs                                   278.600006103516       234
C1371                                              Nikita Singh Technologies                          262.679992675781       262
C1411                                              Saanvi Verma Technologies                          262.679992675781       262
C1402                                              Rohan Reddy Industries                             262.679992675781       262
C1344                                              Naveen Verma Technologies                          262.679992675781       262
C1357                                              Saanvi Menon Labs                                  262.679992675781       262
C1292                                              Divya Sharma Technologies                          262.679992675781       262
C1289                                              Karthik Patel Systems                              262.679992675781       262
C1305                                              Ananya Reddy Solutions                             262.679992675781       262
C1109                                              Kiara Verma Industries                             262.679992675781       262
C1068                                              Ananya Gupta Industries                            262.679992675781       262
C1051                                              Priya Gupta Labs                                   262.679992675781       262
C1011                                              Rohan Iyer Solutions                               262.679992675781       262
C1025                                              Diya Singh Labs                                    262.679992675781       262
C1147                                              Vivaan Khan Technologies                           262.679992675781       262
C1161                                              Sneha Das Systems                                  246.759994506836       276
C1276                                              Myra Reddy Industries                              246.759994506836       276
C1231                                              Aditya Patel Group                                 246.759994506836       276
C1226                                              Ishaan Patel Industries                            246.759994506836       276
C1015                                              Sanjay Gupta Industries                            246.759994506836       276
C1024                                              Vivaan Verma Solutions                             246.759994506836       276
C1038                                              Sneha Menon Industries                             246.759994506836       276
C1002                                              Tara Sharma Technologies                           246.759994506836       276
C1044                                              Krishna Bose Solutions                             246.759994506836       276
C1135                                              Nikita Menon Solutions                             246.759994506836       276
C1405                                              Deepak Gupta Labs                                  246.759994506836       276
C1413                                              Kiara Joshi Solutions                              246.759994506836       276
C1301                                              Sanjay Verma Industries                            230.839996337891       288
C1337                                              Rohan Patel Systems                                230.839996337891       288
C1228                                              Kiara Sharma Solutions                             230.839996337891       288
C1287                                              Farhan Nair Industries                             230.839996337891       288
C1174                                              Vivaan Verma Systems                               230.839996337891       288
C1157                                              Meera Joshi Solutions                              230.839996337891       288
C1181                                              Isha Reddy Labs                                    230.839996337891       288
C1213                                              Nikita Verma Labs                                  214.919998168945       295
C1106                                              Ananya Singh Group                                 199                    296
C1219                                              Tara Nair Group                                    160.720001220703       297
C1253                                              Karthik Rao Solutions                              156.800003051758       298
C1225                                              Diya Patel Industries                              129.360000610352       299
C1196                                              Ananya Singh Industries                            99.9599990844727       300
C1354                                              Vivaan Reddy Group                                 99.9599990844727       300
C1126                                              Sneha Iyer Group                                   96.0400009155273       302
C1123                                              Vihaan Joshi Solutions                             92.120002746582        303
C1383                                              Myra Patel Solutions                               92.120002746582        303
C1340                                              Zoya Joshi Technologies                            88.1999969482422       305
C1128                                              Sneha Rao Industries                               88.1999969482422       305
C1125                                              Kiara Verma Systems                                88.1999969482422       305
C1115                                              Rahul Rao Labs                                     88.1999969482422       305
C1143                                              Reyansh Menon Solutions                            88.1999969482422       305
C1099                                              Ishaan Patel Group                                 88.1999969482422       305
C1066                                              Ishaan Reddy Solutions                             88.1999969482422       305
C1197                                              Sanjay Menon Industries                            88.1999969482422       305
C1238                                              Tara Gupta Technologies                            88.1999969482422       305
C1245                                              Aadhya Sharma Labs                                 84.2799987792969       314
C1218                                              Reyansh Joshi Group                                84.2799987792969       314
C1192                                              Deepak Nair Technologies                           84.2799987792969       314
C1158                                              Farhan Nair Labs                                   84.2799987792969       314
C1073                                              Vivaan Menon Group                                 84.2799987792969       314
C1138                                              Meera Sharma Labs                                  84.2799987792969       314
C1283                                              Kiara Nair Industries                              84.2799987792969       314
C1309                                              Diya Gupta Labs                                    80.3600006103516       321
C1130                                              Nikita Iyer Technologies                           80.3600006103516       321
C1133                                              Divya Nair Solutions                               80.3600006103516       321
C1116                                              Isha Gupta Group                                   80.3600006103516       321
C1114                                              Aadhya Das Industries                              80.3600006103516       321
C1083                                              Deepak Das Group                                   80.3600006103516       321
C1077                                              Krishna Nair Industries                            80.3600006103516       321
C1069                                              Aadhya Joshi Systems                               80.3600006103516       321
C1060                                              Aarav Reddy Systems                                80.3600006103516       321
C1047                                              Rohan Das Technologies                             80.3600006103516       321
C1004                                              Diya Joshi Labs                                    80.3600006103516       321
C1036                                              Krishna Sharma Solutions                           80.3600006103516       321
C1159                                              Deepak Bose Systems                                80.3600006103516       321
C1164                                              Saanvi Menon Systems                               80.3600006103516       321
C1221                                              Rahul Gupta Solutions                              80.3600006103516       321
C1279                                              Divya Verma Solutions                              80.3600006103516       321
C1268                                              Deepak Patel Industries                            80.3600006103516       321
C1216                                              Nikita Khan Systems                                76.4400024414063       338
C1173                                              Kiara Bose Labs                                    76.4400024414063       338
C1170                                              Diya Verma Industries                              76.4400024414063       338
C1039                                              Arjun Iyer Systems                                 76.4400024414063       338
C1021                                              Vivaan Singh Systems                               76.4400024414063       338
C1057                                              Reyansh Joshi Industries                           76.4400024414063       338
C1078                                              Rohan Patel Group                                  76.4400024414063       338
C1326                                              Naveen Sharma Labs                                 76.4400024414063       338
C1329                                              Kavya Das Group                                    76.4400024414063       338
C1342                                              Divya Joshi Systems                                76.4400024414063       338
C1351                                              Priya Gupta Systems                                76.4400024414063       338
C1367                                              Kiara Gupta Industries                             76.4400024414063       338
C1386                                              Naveen Singh Technologies                          72.5199966430664       350
C1347                                              Deepak Khan Solutions                              72.5199966430664       350
C1343                                              Isha Iyer Technologies                             72.5199966430664       350
C1306                                              Ananya Nair Systems                                72.5199966430664       350
C1303                                              Farhan Khan Systems                                72.5199966430664       350
C1095                                              Aarav Das Industries                               72.5199966430664       350
C1104                                              Farhan Iyer Group                                  72.5199966430664       350
C1112                                              Aarav Singh Labs                                   72.5199966430664       350
C1119                                              Deepak Verma Systems                               72.5199966430664       350
C1176                                              Sneha Khan Technologies                            72.5199966430664       350
C1177                                              Isha Gupta Group                                   72.5199966430664       350
C1165                                              Arjun Das Solutions                                72.5199966430664       350
C1229                                              Farhan Verma Technologies                          72.5199966430664       350
C1244                                              Myra Sharma Industries                             72.5199966430664       350
C1236                                              Saanvi Rao Industries                              72.5199966430664       350
C1278                                              Meera Sharma Industries                            72.5199966430664       350
C1234                                              Farhan Singh Industries                            68.5999984741211       366
C1235                                              Vivaan Bose Technologies                           68.5999984741211       366
C1160                                              Ishaan Singh Group                                 68.5999984741211       366
C1191                                              Sai Patel Industries                               68.5999984741211       366
C1180                                              Rahul Menon Labs                                   68.5999984741211       366
C1139                                              Arjun Menon Group                                  68.5999984741211       366
C1145                                              Pooja Reddy Solutions                              68.5999984741211       366
C1108                                              Saanvi Joshi Systems                               68.5999984741211       366
C1097                                              Diya Gupta Industries                              68.5999984741211       366
C1092                                              Aman Sharma Solutions                              68.5999984741211       366
C1055                                              Arun Rao Technologies                              68.5999984741211       366
C1064                                              Riya Sharma Technologies                           68.5999984741211       366
C1014                                              Rahul Patel Industries                             68.5999984741211       366
C1020                                              Saanvi Menon Group                                 68.5999984741211       366
C1321                                              Nikita Sharma Group                                68.5999984741211       366
C1353                                              Farhan Gupta Labs                                  68.5999984741211       366
C1323                                              Pooja Verma Labs                                   68.5999984741211       366
C1382                                              Sai Singh Systems                                  68.5999984741211       366
C1391                                              Nikita Verma Industries                            68.5999984741211       366
C1375                                              Tara Bose Group                                    68.5999984741211       366
C1408                                              Aarav Reddy Labs                                   68.5999984741211       366
C1409                                              Saanvi Iyer Industries                             68.5999984741211       366
C1362                                              Aditya Patel Solutions                             64.6800003051758       388
C1392                                              Ananya Rao Industries                              64.6800003051758       388
C1358                                              Diya Das Systems                                   64.6800003051758       388
C1318                                              Vihaan Sharma Labs                                 64.6800003051758       388
C1311                                              Kavya Rao Labs                                     64.6800003051758       388
C1304                                              Karthik Sharma Group                               64.6800003051758       388
C1022                                              Rahul Singh Technologies                           64.6800003051758       388
C1070                                              Kiara Das Solutions                                64.6800003051758       388
C1058                                              Riya Das Labs                                      64.6800003051758       388
C1081                                              Ananya Nair Group                                  64.6800003051758       388
C1107                                              Isha Nair Technologies                             64.6800003051758       388
C1240                                              Aadhya Gupta Group                                 64.6800003051758       388
C1243                                              Aditya Patel Solutions                             64.6800003051758       388
C1200                                              Kavya Rao Industries                               60.7599983215332       401
C1208                                              Deepak Das Group                                   60.7599983215332       401
C1215                                              Zoya Patel Solutions                               60.7599983215332       401
C1179                                              Sneha Iyer Solutions                               60.7599983215332       401
C1087                                              Diya Iyer Labs                                     60.7599983215332       401
C1042                                              Meera Iyer Industries                              60.7599983215332       401
C1032                                              Naveen Menon Industries                            60.7599983215332       401
C1017                                              Rahul Reddy Solutions                              60.7599983215332       401
C1291                                              Diya Rao Systems                                   60.7599983215332       401
C1360                                              Deepak Gupta Group                                 60.7599983215332       401
C1379                                              Pooja Rao Labs                                     60.7599983215332       401
C1373                                              Naveen Patel Group                                 60.7599983215332       401
C1298                                              Riya Menon Systems                                 56.8400001525879       413
C1063                                              Rahul Menon Systems                                56.8400001525879       413
C1134                                              Tara Reddy Industries                              56.8400001525879       413
C1175                                              Pooja Bose Solutions                               56.8400001525879       413
C1168                                              Aditya Joshi Solutions                             56.8400001525879       413
C1210                                              Deepak Patel Technologies                          56.8400001525879       413
C1315                                              Arjun Das Solutions                                52.9199981689453       419
C1368                                              Priya Singh Solutions                              52.9199981689453       419

(420 rows affected)

Month      Total_Logins Previous_Month_Logins Login_Change
---------- ------------ --------------------- ------------
2023-01-01 149          NULL                  NULL
2023-02-01 292          149                   143
2023-03-01 465          292                   173
2023-04-01 659          465                   194
2023-05-01 899          659                   240
2023-06-01 1104         899                   205
2023-07-01 1410         1104                  306
2023-08-01 1549         1410                  139
2023-09-01 1608         1549                  59
2023-10-01 1726         1608                  118
2023-11-01 1947         1726                  221
2023-12-01 2036         1947                  89
2024-01-01 2141         2036                  105
2024-02-01 2136         2141                  -5
2024-03-01 2444         2136                  308
2024-04-01 2549         2444                  105
2024-05-01 2570         2549                  21
2024-06-01 2797         2570                  227
2024-07-01 2898         2797                  101
2024-08-01 3150         2898                  252
2024-09-01 3158         3150                  8
2024-10-01 3310         3158                  152
2024-11-01 3468         3310                  158
2024-12-01 3544         3468                  76

(24 rows affected)

CustomerID                                         Orphan_Record_Count
-------------------------------------------------- -------------------
C1354                                              24
C1314                                              24
C1327                                              24
C1386                                              24
C1357                                              24
C1146                                              24
C1134                                              24
C1108                                              24
C1105                                              24
C1416                                              24
C1220                                              23
C1309                                              23
C1101                                              23
C1324                                              23
C1296                                              23
C1190                                              23
C1204                                              23
C1141                                              23
C1109                                              23
C1339                                              23
C1095                                              23
C1289                                              23
C1375                                              22
C1341                                              22
C1039                                              22
C1326                                              22
C1142                                              22
C1420                                              22
C1362                                              22
C1145                                              22
C1158                                              22
C1007                                              22
C1094                                              22
C1102                                              22
C1251                                              22
C1273                                              22
C1249                                              21
C1121                                              21
C1131                                              21
C1351                                              21
C1030                                              21
C1184                                              21
C1025                                              21
C1298                                              21
C1206                                              21
C1149                                              21
C1254                                              21
C1283                                              21
C1072                                              21
C1086                                              21
C1392                                              21
C1207                                              21
C1338                                              21
C1198                                              21
C1167                                              21
C1011                                              20
C1394                                              20
C1290                                              20
C1234                                              20
C1285                                              20
C1219                                              20
C1342                                              20
C1195                                              20
C1093                                              20
C1175                                              20
C1042                                              20
C1325                                              20
C1021                                              20
C1238                                              20
C1330                                              20
C1381                                              20
C1226                                              20
C1300                                              19
C1212                                              19
C1376                                              19
C1277                                              19
C1313                                              19
C1061                                              19
C1035                                              19
C1178                                              19
C1388                                              19
C1336                                              19
C1260                                              19
C1088                                              19
C1028                                              19
C1009                                              18
C1048                                              18
C1252                                              18
C1188                                              18
C1055                                              18
C1139                                              18
C1266                                              18
C1119                                              18
C1060                                              18
C1350                                              18
C1103                                              18
C1043                                              18
C1192                                              18
C1303                                              17
C1331                                              17
C1036                                              17
C1241                                              17
C1268                                              17
C1225                                              17
C1216                                              17
C1335                                              17
C1230                                              17
C1316                                              17
C1151                                              17
C1299                                              17
C1069                                              17
C1073                                              17
C1344                                              17
C1182                                              16
C1143                                              16
C1318                                              16
C1022                                              16
C1413                                              16
C1001                                              16
C1373                                              16
C1112                                              16
C1163                                              16
C1358                                              16
C1297                                              16
C1307                                              16
C1003                                              16
C1322                                              16
C1221                                              16
C1128                                              16
C1046                                              16
C1155                                              16
C1126                                              15
C1393                                              15
C1287                                              15
C1164                                              15
C1323                                              15
C1286                                              15
C1371                                              15
C1186                                              15
C1168                                              15
C1304                                              15
C1065                                              15
C1053                                              15
C1265                                              15
C1408                                              15
C1391                                              14
C1171                                              14
C1378                                              14
C1057                                              14
C1370                                              14
C1177                                              14
C1147                                              14
C1125                                              14
C1038                                              14
C1135                                              14
C1348                                              14
C1033                                              14
C1347                                              14
C1333                                              14
C1364                                              13
C1099                                              13
C1107                                              13
C1418                                              13
C1132                                              13
C1275                                              13
C1231                                              13
C1243                                              13
C1041                                              13
C1374                                              13
C1191                                              13
C1312                                              13
C1005                                              13
C1144                                              12
C1208                                              12
C1015                                              12
C1328                                              12
C1337                                              12
C1389                                              12
C1029                                              12
C1016                                              12
C1217                                              12
C1269                                              12
C1250                                              12
C1398                                              12
C1205                                              12
C1037                                              11
C1040                                              11
C1349                                              11
C1157                                              11
C1008                                              11
C1356                                              11
C1180                                              11
C1002                                              11
C1050                                              11
C1067                                              11
C1379                                              11
C1228                                              11
C1415                                              11
C1278                                              11
C1224                                              11
C1345                                              11
C1246                                              11
C1229                                              11
C1387                                              10
C1256                                              10
C1340                                              10
C1409                                              10
C1064                                              10
C1401                                              10
C1077                                              10
C1063                                              10
C1194                                              10
C1127                                              10
C1004                                              10
C1187                                              10
C1165                                              10
C1130                                              10
C1096                                              10
C1083                                              10
C1404                                              10
C1012                                              10
C1156                                              10
C1390                                              10
C1399                                              10
C1018                                              10
C1352                                              10
C1078                                              10
C1248                                              9
C1183                                              9
C1197                                              9
C1136                                              9
C1405                                              9
C1098                                              9
C1081                                              9
C1262                                              9
C1280                                              9
C1272                                              9
C1406                                              9
C1019                                              9
C1122                                              8
C1281                                              8
C1129                                              8
C1295                                              8
C1026                                              8
C1302                                              8
C1412                                              8
C1052                                              8
C1080                                              8
C1075                                              8
C1161                                              8
C1076                                              8
C1123                                              8
C1320                                              8
C1085                                              8
C1210                                              8
C1137                                              8
C1294                                              8
C1089                                              8
C1253                                              7
C1047                                              7
C1396                                              7
C1017                                              7
C1365                                              7
C1306                                              7
C1279                                              7
C1120                                              7
C1270                                              7
C1179                                              7
C1380                                              7
C1235                                              7
C1329                                              7
C1045                                              7
C1366                                              7
C1020                                              7
C1082                                              7
C1111                                              7
C1293                                              7
C1292                                              7
C1059                                              6
C1267                                              6
C1414                                              6
C1372                                              6
C1014                                              6
C1027                                              6
C1118                                              6
C1044                                              6
C1170                                              6
C1100                                              6
C1056                                              6
C1237                                              6
C1209                                              6
C1066                                              6
C1377                                              6
C1315                                              6
C1264                                              6
C1110                                              6
C1308                                              6
C1079                                              6
C1010                                              6
C1023                                              5
C1384                                              5
C1124                                              5
C1152                                              5
C1223                                              5
C1317                                              5
C1199                                              5
C1227                                              5
C1360                                              5
C1058                                              5
C1236                                              5
C1321                                              5
C1189                                              5
C1176                                              5
C1276                                              5
C1383                                              5
C1233                                              5
C1403                                              5
C1363                                              5
C1310                                              5
C1051                                              5
C1301                                              5
C1153                                              5
C1166                                              5
C1174                                              5
C1193                                              5
C1410                                              5
C1247                                              5
C1185                                              5
C1215                                              5
C1258                                              5
C1319                                              5
C1257                                              4
C1368                                              4
C1261                                              4
C1311                                              4
C1071                                              4
C1162                                              4
C1173                                              4
C1113                                              4
C1196                                              4
C1239                                              4
C1140                                              4
C1115                                              4
C1288                                              4
C1222                                              4
C1159                                              4
C1006                                              4
C1382                                              4
C1106                                              4
C1148                                              4
C1181                                              4
C1169                                              4
C1346                                              3
C1232                                              3
C1203                                              3
C1138                                              3
C1255                                              3
C1074                                              3
C1274                                              3
C1407                                              3
C1090                                              3
C1104                                              3
C1259                                              3
C1361                                              3
C1024                                              3
C1049                                              3
C1117                                              3
C1062                                              3
C1400                                              3
C1355                                              3
C1154                                              3
C1211                                              3
C1369                                              2
C1091                                              2
C1242                                              2
C1214                                              2
C1395                                              2
C1305                                              2
C1291                                              2
C1367                                              2
C1213                                              2
C1087                                              2
C1200                                              2
C1172                                              2
C1417                                              2
C1385                                              2
C1114                                              2
C1054                                              2
C1068                                              2
C1419                                              2
C1244                                              2
C1332                                              2
C1271                                              1
C1284                                              1
C1202                                              1
C1343                                              1
C1397                                              1
C1201                                              1
C1160                                              1
C1282                                              1
C1097                                              1
C1092                                              1
C1245                                              1
C1013                                              1
C1402                                              1
C1116                                              1

(406 rows affected)

CustomerID                                         Orphan_Subscription_Count
-------------------------------------------------- -------------------------
C1001                                              1
C1002                                              1
C1003                                              1
C1004                                              1
C1005                                              1
C1006                                              1
C1007                                              1
C1008                                              1
C1009                                              1
C1010                                              1
C1011                                              1
C1012                                              1
C1013                                              2
C1014                                              1
C1015                                              1
C1016                                              1
C1017                                              1
C1018                                              1
C1019                                              1
C1020                                              1
C1021                                              1
C1022                                              1
C1023                                              1
C1024                                              1
C1025                                              1
C1026                                              1
C1027                                              1
C1028                                              1
C1029                                              1
C1030                                              1
C1031                                              1
C1032                                              1
C1033                                              1
C1034                                              1
C1035                                              1
C1036                                              1
C1037                                              1
C1038                                              1
C1039                                              1
C1040                                              1
C1041                                              1
C1042                                              1
C1043                                              1
C1044                                              1
C1045                                              1
C1046                                              1
C1047                                              1
C1048                                              1
C1049                                              2
C1050                                              2
C1051                                              1
C1052                                              1
C1053                                              1
C1054                                              1
C1055                                              1
C1056                                              1
C1057                                              1
C1058                                              1
C1059                                              1
C1060                                              1
C1061                                              1
C1062                                              1
C1063                                              1
C1064                                              1
C1065                                              1
C1066                                              1
C1067                                              1
C1068                                              1
C1069                                              1
C1070                                              1
C1071                                              1
C1072                                              1
C1073                                              1
C1074                                              1
C1075                                              1
C1076                                              2
C1077                                              1
C1078                                              1
C1079                                              1
C1080                                              1
C1081                                              1
C1082                                              1
C1083                                              1
C1084                                              1
C1085                                              1
C1086                                              1
C1087                                              1
C1088                                              1
C1089                                              1
C1090                                              1
C1091                                              1
C1092                                              1
C1093                                              1
C1094                                              1
C1095                                              1
C1096                                              1
C1097                                              1
C1098                                              1
C1099                                              1
C1100                                              1
C1101                                              1
C1102                                              1
C1103                                              1
C1104                                              1
C1105                                              1
C1106                                              1
C1107                                              1
C1108                                              1
C1109                                              1
C1110                                              1
C1111                                              1
C1112                                              1
C1113                                              1
C1114                                              1
C1115                                              1
C1116                                              1
C1117                                              1
C1118                                              1
C1119                                              1
C1120                                              1
C1121                                              1
C1122                                              1
C1123                                              1
C1124                                              1
C1125                                              1
C1126                                              1
C1127                                              1
C1128                                              1
C1129                                              1
C1130                                              1
C1131                                              2
C1132                                              2
C1133                                              1
C1134                                              1
C1135                                              1
C1136                                              1
C1137                                              1
C1138                                              1
C1139                                              1
C1140                                              1
C1141                                              1
C1142                                              1
C1143                                              1
C1144                                              1
C1145                                              1
C1146                                              1
C1147                                              1
C1148                                              1
C1149                                              1
C1150                                              1
C1151                                              1
C1152                                              1
C1153                                              1
C1154                                              2
C1155                                              1
C1156                                              1
C1157                                              1
C1158                                              1
C1159                                              1
C1160                                              1
C1161                                              1
C1162                                              1
C1163                                              1
C1164                                              1
C1165                                              1
C1166                                              1
C1167                                              1
C1168                                              1
C1169                                              1
C1170                                              1
C1171                                              1
C1172                                              1
C1173                                              1
C1174                                              1
C1175                                              1
C1176                                              1
C1177                                              1
C1178                                              1
C1179                                              1
C1180                                              1
C1181                                              1
C1182                                              1
C1183                                              2
C1184                                              1
C1185                                              1
C1186                                              1
C1187                                              1
C1188                                              1
C1189                                              1
C1190                                              1
C1191                                              1
C1192                                              1
C1193                                              1
C1194                                              2
C1195                                              1
C1196                                              1
C1197                                              1
C1198                                              1
C1199                                              1
C1200                                              1
C1201                                              1
C1202                                              2
C1203                                              1
C1204                                              1
C1205                                              1
C1206                                              1
C1207                                              1
C1208                                              1
C1209                                              1
C1210                                              1
C1211                                              1
C1212                                              1
C1213                                              1
C1214                                              1
C1215                                              1
C1216                                              1
C1217                                              1
C1218                                              1
C1219                                              2
C1220                                              1
C1221                                              1
C1222                                              1
C1223                                              1
C1224                                              1
C1225                                              2
C1226                                              1
C1227                                              1
C1228                                              1
C1229                                              1
C1230                                              2
C1231                                              1
C1232                                              1
C1233                                              1
C1234                                              1
C1235                                              1
C1236                                              1
C1237                                              1
C1238                                              1
C1239                                              1
C1240                                              1
C1241                                              1
C1242                                              2
C1243                                              1
C1244                                              1
C1245                                              1
C1246                                              1
C1247                                              1
C1248                                              1
C1249                                              1
C1250                                              1
C1251                                              1
C1252                                              1
C1253                                              2
C1254                                              1
C1255                                              1
C1256                                              1
C1257                                              1
C1258                                              1
C1259                                              1
C1260                                              1
C1261                                              1
C1262                                              1
C1263                                              1
C1264                                              1
C1265                                              1
C1266                                              1
C1267                                              1
C1268                                              1
C1269                                              1
C1270                                              1
C1271                                              1
C1272                                              1
C1273                                              1
C1274                                              1
C1275                                              1
C1276                                              1
C1277                                              1
C1278                                              1
C1279                                              1
C1280                                              1
C1281                                              1
C1282                                              1
C1283                                              1
C1284                                              1
C1285                                              1
C1286                                              1
C1287                                              1
C1288                                              1
C1289                                              1
C1290                                              1
C1291                                              1
C1292                                              1
C1293                                              1
C1294                                              1
C1295                                              1
C1296                                              1
C1297                                              1
C1298                                              1
C1299                                              1
C1300                                              1
C1301                                              1
C1302                                              1
C1303                                              1
C1304                                              1
C1305                                              1
C1306                                              1
C1307                                              1
C1308                                              1
C1309                                              1
C1310                                              1
C1311                                              1
C1312                                              1
C1313                                              1
C1314                                              1
C1315                                              1
C1316                                              1
C1317                                              1
C1318                                              1
C1319                                              1
C1320                                              1
C1321                                              1
C1322                                              1
C1323                                              1
C1324                                              1
C1325                                              1
C1326                                              1
C1327                                              1
C1328                                              1
C1329                                              1
C1330                                              1
C1331                                              1
C1332                                              1
C1333                                              1
C1334                                              1
C1335                                              1
C1336                                              1
C1337                                              1
C1338                                              1
C1339                                              1
C1340                                              1
C1341                                              1
C1342                                              1
C1343                                              1
C1344                                              1
C1345                                              1
C1346                                              1
C1347                                              1
C1348                                              1
C1349                                              1
C1350                                              1
C1351                                              1
C1352                                              1
C1353                                              1
C1354                                              1
C1355                                              1
C1356                                              1
C1357                                              1
C1358                                              1
C1359                                              1
C1360                                              1
C1361                                              1
C1362                                              1
C1363                                              1
C1364                                              1
C1365                                              1
C1366                                              1
C1367                                              1
C1368                                              1
C1369                                              1
C1370                                              1
C1371                                              1
C1372                                              1
C1373                                              1
C1374                                              1
C1375                                              1
C1376                                              1
C1377                                              1
C1378                                              2
C1379                                              1
C1380                                              1
C1381                                              1
C1382                                              1
C1383                                              1
C1384                                              1
C1385                                              1
C1386                                              1
C1387                                              1
C1388                                              1
C1389                                              1
C1390                                              1
C1391                                              1
C1392                                              1
C1393                                              1
C1394                                              1
C1395                                              1
C1396                                              1
C1397                                              1
C1398                                              1
C1399                                              1
C1400                                              1
C1401                                              1
C1402                                              1
C1403                                              1
C1404                                              1
C1405                                              1
C1406                                              1
C1407                                              1
C1408                                              1
C1409                                              1
C1410                                              1
C1411                                              1
C1412                                              2
C1413                                              1
C1414                                              1
C1415                                              1
C1416                                              1
C1417                                              1
C1418                                              1
C1419                                              1
C1420                                              1

(420 rows affected)

CustomerID                                         CompanyName                                        Ticket_Count Average_Satisfaction   Support_Category
-------------------------------------------------- -------------------------------------------------- ------------ ---------------------- -----------------
C1091                                              Myra Nair Solutions                                3            1                      High Support Risk
C1229                                              Farhan Verma Technologies                          2            1.5                    Needs Attention
C1274                                              Aadhya Khan Systems                                2            2                      Needs Attention
C1095                                              Aarav Das Industries                               2            2                      Needs Attention
C1086                                              Karthik Sharma Systems                             2            2.5                    Needs Attention
C1281                                              Farhan Das Group                                   2            3                      Normal
C1378                                              Sneha Reddy Solutions                              4            3                      Normal
C1003                                              Zoya Das Systems                                   3            3                      Normal
C1073                                              Vivaan Menon Group                                 4            3.25                   Normal
C1265                                              Aditya Reddy Solutions                             4            3.25                   Normal
C1362                                              Aditya Patel Solutions                             6            3.33333333333333       Normal
C1066                                              Ishaan Reddy Solutions                             3            3.33333333333333       Normal
C1304                                              Karthik Sharma Group                               4            3.5                    Normal
C1389                                              Meera Sharma Industries                            2            3.5                    Normal
C1184                                              Meera Verma Group                                  2            3.5                    Normal
C1146                                              Priya Iyer Technologies                            2            3.5                    Normal
C1328                                              Karthik Nair Labs                                  4            3.75                   Normal
C1182                                              Arun Menon Labs                                    4            3.75                   Normal
C1416                                              Sneha Sharma Systems                               4            3.75                   Normal
C1238                                              Tara Gupta Technologies                            2            4                      Normal
C1161                                              Sneha Das Systems                                  3            4                      Normal
C1394                                              Sai Menon Group                                    3            4                      Normal
C1101                                              Zoya Bose Industries                               2            4                      Normal
C1141                                              Ananya Joshi Industries                            4            4                      Normal
C1043                                              Aadhya Khan Systems                                2            4                      Normal
C1269                                              Aadhya Patel Solutions                             4            4                      Normal
C1076                                              Arun Khan Labs                                     3            4                      Normal
C1166                                              Deepak Joshi Industries                            3            4                      Normal
C1252                                              Meera Sharma Industries                            3            4                      Normal
C1163                                              Meera Menon Industries                             3            4                      Normal
C1032                                              Naveen Menon Industries                            5            4                      Normal
C1339                                              Nikita Iyer Group                                  5            4                      Normal
C1017                                              Rahul Reddy Solutions                              3            4                      Normal
C1127                                              Divya Gupta Labs                                   6            4.16666666666667       Normal
C1287                                              Farhan Nair Industries                             4            4.25                   Normal
C1038                                              Sneha Menon Industries                             4            4.25                   Normal
C1415                                              Sneha Rao Group                                    3            4.33333333333333       Normal
C1284                                              Zoya Das Group                                     3            4.33333333333333       Normal
C1270                                              Farhan Menon Group                                 3            4.33333333333333       Normal
C1082                                              Aadhya Nair Systems                                6            4.33333333333333       Normal
C1106                                              Ananya Singh Group                                 3            4.33333333333333       Normal
C1018                                              Myra Khan Systems                                  6            4.33333333333333       Normal
C1302                                              Ishaan Singh Industries                            3            4.33333333333333       Normal
C1329                                              Kavya Das Group                                    3            4.33333333333333       Normal
C1074                                              Priya Khan Group                                   5            4.4                    Normal
C1305                                              Ananya Reddy Solutions                             5            4.4                    Normal
C1333                                              Aditya Nair Systems                                5            4.4                    Normal
C1114                                              Aadhya Das Industries                              2            4.5                    Normal
C1364                                              Aarav Bose Labs                                    4            4.5                    Normal
C1392                                              Ananya Rao Industries                              2            4.5                    Normal
C1273                                              Ananya Menon Systems                               2            4.5                    Normal
C1092                                              Aman Sharma Solutions                              2            4.5                    Normal
C1025                                              Diya Singh Labs                                    4            4.5                    Normal
C1170                                              Diya Verma Industries                              2            4.5                    Normal
C1178                                              Isha Menon Solutions                               2            4.5                    Normal
C1181                                              Isha Reddy Labs                                    2            4.5                    Normal
C1316                                              Deepak Reddy Group                                 2            4.5                    Normal
C1360                                              Deepak Gupta Group                                 2            4.5                    Normal
C1100                                              Priya Gupta Solutions                              2            4.5                    Normal
C1143                                              Reyansh Menon Solutions                            4            4.5                    Normal
C1011                                              Rohan Iyer Solutions                               2            4.5                    Normal
C1056                                              Kavya Rao Systems                                  4            4.5                    Normal
C1147                                              Vivaan Khan Technologies                           2            4.5                    Normal
C1414                                              Zoya Joshi Solutions                               4            4.5                    Normal
C1247                                              Karthik Sharma Technologies                        5            4.6                    Normal
C1321                                              Nikita Sharma Group                                5            4.6                    Normal
C1220                                              Diya Rao Solutions                                 5            4.6                    Normal
C1117                                              Arun Gupta Labs                                    3            4.66666666666667       Normal
C1135                                              Nikita Menon Solutions                             3            4.66666666666667       Normal
C1164                                              Saanvi Menon Systems                               3            4.66666666666667       Normal
C1310                                              Riya Das Technologies                              3            4.66666666666667       Normal
C1200                                              Kavya Rao Industries                               3            4.66666666666667       Normal
C1228                                              Kiara Sharma Solutions                             3            4.66666666666667       Normal
C1034                                              Sneha Rao Industries                               3            4.66666666666667       Normal
C1375                                              Tara Bose Group                                    4            4.75                   Normal
C1256                                              Sai Gupta Technologies                             4            4.75                   Normal
C1398                                              Zoya Rao Group                                     4            4.75                   Normal
C1021                                              Vivaan Singh Systems                               4            4.75                   Normal
C1335                                              Karthik Rao Systems                                4            4.75                   Normal
C1324                                              Karthik Reddy Technologies                         4            4.75                   Normal
C1107                                              Isha Nair Technologies                             4            4.75                   Normal
C1063                                              Rahul Menon Systems                                4            4.75                   Normal
C1131                                              Aditya Menon Industries                            4            4.75                   Normal
C1222                                              Aarav Verma Labs                                   4            4.75                   Normal
C1317                                              Divya Patel Systems                                4            4.75                   Normal
C1272                                              Pooja Joshi Industries                             5            4.8                    Normal
C1176                                              Sneha Khan Technologies                            5            4.8                    Normal
C1303                                              Farhan Khan Systems                                7            4.85714285714286       Normal
C1325                                              Ishaan Reddy Group                                 4            5                      Normal
C1094                                              Isha Nair Solutions                                2            5                      Normal
C1410                                              Isha Khan Technologies                             2            5                      Normal
C1356                                              Divya Joshi Industries                             2            5                      Normal
C1210                                              Deepak Patel Technologies                          3            5                      Normal
C1251                                              Diya Khan Group                                    3            5                      Normal
C1193                                              Diya Menon Systems                                 2            5                      Normal
C1192                                              Deepak Nair Technologies                           4            5                      Normal
C1144                                              Aditya Sharma Technologies                         3            5                      Normal
C1280                                              Aman Patel Systems                                 7            5                      Normal
C1122                                              Aarav Gupta Technologies                           3            5                      Normal
C1048                                              Aman Singh Labs                                    3            5                      Normal
C1243                                              Aditya Patel Solutions                             2            5                      Normal
C1028                                              Ananya Gupta Solutions                             4            5                      Normal
C1103                                              Pooja Menon Group                                  2            5                      Normal
C1355                                              Nikita Reddy Technologies                          4            5                      Normal
C1282                                              Nikita Menon Solutions                             5            5                      Normal
C1120                                              Pooja Rao Solutions                                2            5                      Normal
C1145                                              Pooja Reddy Solutions                              5            5                      Normal
C1113                                              Riya Iyer Technologies                             5            5                      Normal
C1261                                              Reyansh Menon Labs                                 3            5                      Normal
C1150                                              Rahul Singh Technologies                           3            5                      Normal
C1254                                              Rohan Nair Technologies                            4            5                      Normal
C1160                                              Ishaan Singh Group                                 4            5                      Normal
C1289                                              Karthik Patel Systems                              2            5                      Normal
C1062                                              Kavya Das Solutions                                2            5                      Normal
C1044                                              Krishna Bose Solutions                             3            5                      Normal
C1138                                              Meera Sharma Labs                                  5            5                      Normal
C1417                                              Naveen Patel Technologies                          4            5                      Normal
C1244                                              Myra Sharma Industries                             2            5                      Normal
C1098                                              Myra Nair Systems                                  3            5                      Normal
C1207                                              Sneha Gupta Technologies                           3            5                      Normal
C1179                                              Sneha Iyer Solutions                               3            5                      Normal
C1015                                              Sanjay Gupta Industries                            3            5                      Normal
C1123                                              Vihaan Joshi Solutions                             5            5                      Normal
C1188                                              Tara Rao Industries                                4            5                      Normal
C1149                                              Vivaan Verma Technologies                          5            5                      Normal
C1245                                              Aadhya Sharma Labs                                 7            5.14285714285714       Normal
C1157                                              Meera Joshi Solutions                              6            5.16666666666667       Normal
C1111                                              Priya Khan Industries                              6            5.16666666666667       Normal
C1391                                              Nikita Verma Industries                            5            5.2                    Normal
C1152                                              Nikita Verma Technologies                          5            5.2                    Normal
C1312                                              Saanvi Bose Labs                                   5            5.2                    Normal
C1369                                              Meera Reddy Industries                             5            5.2                    Normal
C1195                                              Aman Gupta Labs                                    5            5.2                    Normal
C1116                                              Isha Gupta Group                                   5            5.2                    Normal
C1177                                              Isha Gupta Group                                   5            5.2                    Normal
C1194                                              Zoya Bose Group                                    5            5.2                    Normal
C1215                                              Zoya Patel Solutions                               5            5.2                    Normal
C1385                                              Vihaan Das Group                                   5            5.2                    Normal
C1257                                              Vihaan Patel Solutions                             5            5.2                    Normal
C1217                                              Sai Iyer Industries                                5            5.2                    Normal
C1126                                              Sneha Iyer Group                                   4            5.25                   Normal
C1292                                              Divya Sharma Technologies                          4            5.25                   Normal
C1052                                              Aadhya Reddy Labs                                  4            5.25                   Normal
C1139                                              Arjun Menon Group                                  4            5.25                   Normal
C1401                                              Naveen Gupta Solutions                             4            5.25                   Normal
C1367                                              Kiara Gupta Industries                             4            5.25                   Normal
C1140                                              Aarav Nair Systems                                 7            5.28571428571429       Normal
C1408                                              Aarav Reddy Labs                                   3            5.33333333333333       Normal
C1054                                              Arjun Bose Group                                   3            5.33333333333333       Normal
C1279                                              Divya Verma Solutions                              3            5.33333333333333       Normal
C1242                                              Deepak Bose Group                                  3            5.33333333333333       Normal
C1159                                              Deepak Bose Systems                                6            5.33333333333333       Normal
C1349                                              Krishna Joshi Systems                              3            5.33333333333333       Normal
C1386                                              Naveen Singh Technologies                          6            5.33333333333333       Normal
C1216                                              Nikita Khan Systems                                3            5.33333333333333       Normal
C1010                                              Tara Iyer Labs                                     6            5.33333333333333       Normal
C1197                                              Sanjay Menon Industries                            6            5.33333333333333       Normal
C1327                                              Nikita Menon Group                                 5            5.4                    Normal
C1351                                              Priya Gupta Systems                                5            5.4                    Normal
C1033                                              Arun Sharma Industries                             5            5.4                    Normal
C1165                                              Arjun Das Solutions                                5            5.4                    Normal
C1093                                              Aarav Joshi Technologies                           5            5.4                    Normal
C1240                                              Aadhya Gupta Group                                 2            5.5                    Normal
C1060                                              Aarav Reddy Systems                                2            5.5                    Normal
C1231                                              Aditya Patel Group                                 2            5.5                    Normal
C1249                                              Ananya Singh Solutions                             4            5.5                    Normal
C1370                                              Arun Joshi Group                                   2            5.5                    Normal
C1068                                              Ananya Gupta Industries                            2            5.5                    Normal
C1137                                              Arun Verma Labs                                    6            5.5                    Normal
C1208                                              Deepak Das Group                                   2            5.5                    Normal
C1019                                              Deepak Nair Labs                                   2            5.5                    Normal
C1350                                              Deepak Gupta Labs                                  4            5.5                    Normal
C1319                                              Divya Bose Group                                   4            5.5                    Normal
C1341                                              Isha Singh Group                                   4            5.5                    Normal
C1285                                              Isha Verma Solutions                               2            5.5                    Normal
C1248                                              Farhan Bose Solutions                              2            5.5                    Normal
C1187                                              Pooja Gupta Group                                  2            5.5                    Normal
C1080                                              Rohan Sharma Group                                 2            5.5                    Normal
C1236                                              Saanvi Rao Industries                              8            5.5                    Normal
C1201                                              Naveen Patel Labs                                  4            5.5                    Normal
C1331                                              Krishna Bose Industries                            2            5.5                    Normal
C1041                                              Sanjay Khan Systems                                2            5.5                    Normal
C1235                                              Vivaan Bose Technologies                           4            5.5                    Normal
C1024                                              Vivaan Verma Solutions                             2            5.5                    Normal
C1354                                              Vivaan Reddy Group                                 4            5.5                    Normal
C1035                                              Arjun Gupta Industries                             7            5.57142857142857       Normal
C1395                                              Deepak Patel Labs                                  5            5.6                    Normal
C1125                                              Kiara Verma Systems                                5            5.6                    Normal
C1297                                              Naveen Sharma Technologies                         5            5.6                    Normal
C1267                                              Nikita Rao Industries                              5            5.6                    Normal
C1250                                              Sai Rao Industries                                 5            5.6                    Normal
C1134                                              Tara Reddy Industries                              6            5.66666666666667       Normal
C1206                                              Zoya Gupta Group                                   9            5.66666666666667       Normal
C1363                                              Pooja Gupta Group                                  6            5.66666666666667       Normal
C1277                                              Kiara Gupta Industries                             3            5.66666666666667       Normal
C1366                                              Kavya Verma Labs                                   6            5.66666666666667       Normal
C1037                                              Diya Das Industries                                3            5.66666666666667       Normal
C1162                                              Divya Nair Technologies                            3            5.66666666666667       Normal
C1158                                              Farhan Nair Labs                                   3            5.66666666666667       Normal
C1372                                              Isha Joshi Group                                   3            5.66666666666667       Normal
C1204                                              Aman Reddy Systems                                 3            5.66666666666667       Normal
C1348                                              Aditya Menon Labs                                  3            5.66666666666667       Normal
C1175                                              Pooja Bose Solutions                               7            5.71428571428571       Normal
C1009                                              Rohan Patel Technologies                           4            5.75                   Normal
C1040                                              Reyansh Nair Labs                                  4            5.75                   Normal
C1072                                              Rohan Gupta Technologies                           8            5.75                   Normal
C1087                                              Diya Iyer Labs                                     4            5.75                   Normal
C1322                                              Arjun Khan Systems                                 5            5.8                    Normal
C1020                                              Saanvi Menon Group                                 5            5.8                    Normal
C1218                                              Reyansh Joshi Group                                5            5.8                    Normal
C1023                                              Meera Menon Industries                             5            5.8                    Normal
C1036                                              Krishna Sharma Solutions                           6            5.83333333333333       Normal
C1383                                              Myra Patel Solutions                               6            5.83333333333333       Normal
C1067                                              Tara Khan Group                                    6            5.83333333333333       Normal
C1046                                              Tara Patel Industries                              6            5.83333333333333       Normal
C1318                                              Vihaan Sharma Labs                                 2            6                      Normal
C1174                                              Vivaan Verma Systems                               6            6                      Normal
C1406                                              Vihaan Joshi Group                                 5            6                      Normal
C1185                                              Zoya Rao Labs                                      3            6                      Normal
C1183                                              Sanjay Gupta Labs                                  3            6                      Normal
C1006                                              Sanjay Reddy Labs                                  3            6                      Normal
C1411                                              Saanvi Verma Technologies                          5            6                      Normal
C1005                                              Tara Joshi Systems                                 3            6                      Normal
C1293                                              Tara Joshi Systems                                 6            6                      Normal
C1042                                              Meera Iyer Industries                              3            6                      Normal
C1294                                              Meera Singh Group                                  4            6                      Normal
C1313                                              Krishna Joshi Solutions                            9            6                      Normal
C1346                                              Krishna Sharma Group                               6            6                      Normal
C1121                                              Ishaan Singh Group                                 3            6                      Normal
C1014                                              Rahul Patel Industries                             2            6                      Normal
C1115                                              Rahul Rao Labs                                     5            6                      Normal
C1030                                              Rohan Bose Solutions                               2            6                      Normal
C1078                                              Rohan Patel Group                                  8            6                      Normal
C1299                                              Rahul Iyer Group                                   2            6                      Normal
C1071                                              Arjun Patel Labs                                   4            6                      Normal
C1262                                              Arun Joshi Group                                   3            6                      Normal
C1352                                              Aditya Patel Industries                            4            6                      Normal
C1112                                              Aarav Singh Labs                                   7            6                      Normal
C1358                                              Diya Das Systems                                   4            6                      Normal
C1055                                              Arun Rao Technologies                              3            6                      Normal
C1050                                              Arun Khan Solutions                                3            6                      Normal
C1314                                              Isha Joshi Industries                              2            6                      Normal
C1234                                              Farhan Singh Industries                            4            6                      Normal
C1186                                              Diya Rao Technologies                              3            6                      Normal
C1022                                              Rahul Singh Technologies                           8            6.125                  Normal
C1109                                              Kiara Verma Industries                             6            6.16666666666667       Normal
C1214                                              Sneha Sharma Technologies                          6            6.16666666666667       Normal
C1377                                              Zoya Bose Technologies                             5            6.2                    Normal
C1253                                              Karthik Rao Solutions                              8            6.25                   Normal
C1260                                              Meera Iyer Technologies                            4            6.25                   Normal
C1065                                              Priya Verma Systems                                4            6.25                   Normal
C1225                                              Diya Patel Industries                              4            6.25                   Normal
C1380                                              Ishaan Reddy Labs                                  4            6.25                   Normal
C1099                                              Ishaan Patel Group                                 3            6.33333333333333       Normal
C1129                                              Farhan Reddy Labs                                  3            6.33333333333333       Normal
C1397                                              Divya Reddy Group                                  3            6.33333333333333       Normal
C1090                                              Aarav Menon Group                                  3            6.33333333333333       Normal
C1420                                              Arun Gupta Technologies                            3            6.33333333333333       Normal
C1374                                              Ananya Joshi Industries                            3            6.33333333333333       Normal
C1221                                              Rahul Gupta Solutions                              3            6.33333333333333       Normal
C1088                                              Reyansh Das Technologies                           3            6.33333333333333       Normal
C1357                                              Saanvi Menon Labs                                  3            6.33333333333333       Normal
C1393                                              Sneha Bose Technologies                            3            6.33333333333333       Normal
C1396                                              Sai Joshi Systems                                  3            6.33333333333333       Normal
C1029                                              Sai Khan Technologies                              6            6.33333333333333       Normal
C1239                                              Pooja Nair Solutions                               5            6.4                    Normal
C1045                                              Kavya Verma Solutions                              5            6.4                    Normal
C1264                                              Aarav Nair Solutions                               5            6.4                    Normal
C1096                                              Deepak Gupta Labs                                  5            6.4                    Normal
C1102                                              Deepak Iyer Solutions                              2            6.5                    Normal
C1342                                              Divya Joshi Systems                                4            6.5                    Normal
C1061                                              Isha Gupta Group                                   2            6.5                    Normal
C1353                                              Farhan Gupta Labs                                  2            6.5                    Normal
C1156                                              Diya Sharma Technologies                           2            6.5                    Normal
C1016                                              Diya Singh Industries                              4            6.5                    Normal
C1001                                              Ishaan Joshi Systems                               4            6.5                    Normal
C1168                                              Aditya Joshi Solutions                             2            6.5                    Normal
C1198                                              Ananya Sharma Labs                                 6            6.5                    Normal
C1039                                              Arjun Iyer Systems                                 2            6.5                    Normal
C1227                                              Karthik Das Industries                             2            6.5                    Normal
C1407                                              Meera Gupta Labs                                   2            6.5                    Normal
C1059                                              Myra Verma Labs                                    2            6.5                    Normal
C1371                                              Nikita Singh Technologies                          4            6.5                    Normal
C1404                                              Rahul Nair Labs                                    4            6.5                    Normal
C1307                                              Rahul Reddy Technologies                           4            6.5                    Normal
C1298                                              Riya Menon Systems                                 4            6.5                    Normal
C1105                                              Riya Gupta Labs                                    2            6.5                    Normal
C1053                                              Sanjay Joshi Group                                 2            6.5                    Normal
C1191                                              Sai Patel Industries                               2            6.5                    Normal
C1128                                              Sneha Rao Industries                               2            6.5                    Normal
C1340                                              Zoya Joshi Technologies                            2            6.5                    Normal
C1390                                              Rahul Reddy Labs                                   5            6.6                    Normal
C1084                                              Meera Patel Industries                             5            6.6                    Normal
C1075                                              Ishaan Khan Industries                             5            6.6                    Normal
C1230                                              Ishaan Patel Industries                            3            6.66666666666667       Normal
C1031                                              Isha Khan Technologies                             3            6.66666666666667       Normal
C1381                                              Diya Nair Systems                                  3            6.66666666666667       Normal
C1081                                              Ananya Nair Group                                  3            6.66666666666667       Normal
C1359                                              Aman Rao Group                                     3            6.66666666666667       Normal
C1300                                              Krishna Sharma Solutions                           3            6.66666666666667       Normal
C1155                                              Naveen Verma Technologies                          3            6.66666666666667       Normal
C1402                                              Rohan Reddy Industries                             3            6.66666666666667       Normal
C1049                                              Farhan Gupta Labs                                  7            6.71428571428571       Normal
C1167                                              Aarav Patel Labs                                   4            6.75                   Normal
C1387                                              Arun Nair Solutions                                4            6.75                   Normal
C1142                                              Kavya Reddy Technologies                           4            6.75                   Normal
C1403                                              Sai Khan Labs                                      4            6.75                   Normal
C1379                                              Pooja Rao Labs                                     6            6.83333333333333       Normal
C1275                                              Nikita Verma Technologies                          2            7                      Normal
C1323                                              Pooja Verma Labs                                   4            7                      Normal
C1232                                              Rohan Bose Systems                                 2            7                      Normal
C1203                                              Saanvi Reddy Industries                            2            7                      Normal
C1070                                              Kiara Das Solutions                                3            7                      Normal
C1276                                              Myra Reddy Industries                              4            7                      Normal
C1266                                              Arun Nair Systems                                  3            7                      Normal
C1384                                              Arjun Joshi Technologies                           3            7                      Normal
C1306                                              Ananya Nair Systems                                3            7                      Normal
C1097                                              Diya Gupta Industries                              5            7                      Normal
C1219                                              Tara Nair Group                                    2            7                      Normal
C1002                                              Tara Sharma Technologies                           4            7                      Normal
C1027                                              Vihaan Bose Group                                  2            7                      Normal
C1079                                              Arun Rao Industries                                5            7.2                    Normal
C1051                                              Priya Gupta Labs                                   5            7.2                    Normal
C1296                                              Saanvi Khan Group                                  4            7.25                   Normal
C1290                                              Riya Singh Systems                                 4            7.25                   Normal
C1368                                              Priya Singh Solutions                              3            7.33333333333333       Normal
C1237                                              Arun Rao Systems                                   3            7.33333333333333       Normal
C1196                                              Ananya Singh Industries                            3            7.33333333333333       Normal
C1338                                              Aadhya Singh Systems                               6            7.33333333333333       Normal
C1309                                              Diya Gupta Labs                                    3            7.33333333333333       Normal
C1119                                              Deepak Verma Systems                               3            7.33333333333333       Normal
C1233                                              Deepak Patel Labs                                  6            7.33333333333333       Normal
C1069                                              Aadhya Joshi Systems                               2            7.5                    Normal
C1246                                              Aditya Sharma Group                                2            7.5                    Normal
C1345                                              Rahul Gupta Group                                  2            7.5                    Normal
C1089                                              Reyansh Bose Solutions                             4            7.5                    Normal
C1008                                              Nikita Gupta Solutions                             2            7.5                    Normal
C1077                                              Krishna Nair Industries                            4            7.5                    Normal
C1223                                              Vihaan Joshi Industries                            2            7.5                    Normal
C1212                                              Sai Verma Solutions                                4            7.5                    Normal
C1301                                              Sanjay Verma Industries                            2            7.5                    Normal
C1413                                              Kiara Joshi Solutions                              3            7.66666666666667       Normal
C1291                                              Diya Rao Systems                                   4            7.75                   Normal
C1085                                              Aditya Reddy Group                                 2            8                      Normal
C1400                                              Arjun Bose Solutions                               2            8                      Normal
C1344                                              Naveen Verma Technologies                          2            8                      Normal
C1278                                              Meera Sharma Industries                            6            8                      Normal
C1130                                              Nikita Iyer Technologies                           3            8.33333333333333       Normal
C1409                                              Saanvi Iyer Industries                             2            8.5                    Normal
C1108                                              Saanvi Joshi Systems                               2            8.5                    Normal
C1007                                              Sai Das Technologies                               2            8.5                    Normal
C1169                                              Reyansh Menon Solutions                            3            9.33333333333333       Normal

(352 rows affected)


Completion time: 2026-09-23T18:04:37.8862319+05:30
